source_name,reason_code,reason_description,severity,remediation_attribute_primary,remediation_attribute_collection,priority,remediation,remediation_primary
CSU_HUB,TAG_ADDRESS_INVALID,Invalid Address,2,,StreetAddress1,1,FALSE,
CSU_HUB,TAG_ADDRESS_INTERNATIONAL,International Address,2,,StreetAddress1,1,FALSE,
CSU_HUB,TAG_ADDRESS_BLANK,Address Blank,2,,StreetAddress1,1,FALSE,
CSU_HUB,LOWER_ADRR_VERIFICATION_LEVEL,Lower address verfication level,2,,StreetAddress1,1,TRUE,
CSU_HUB,EMAIL_INVALID,Email invalid,2,Email,Email,1,TRUE,FALSE
CSU_HUB,EMAIL_AT_SIGN_MISSING,Email at sign missing,2,Email,Email,1,TRUE,FALSE
CSU_HUB,EMAIL_TLD_MISSING,Email tld missing,2,Email,Email,1,TRUE,FALSE
CSU_HUB,EMAIL_TLD_NOT_MATCHED,Email tld not matched,2,Email,Email,1,TRUE,FALSE
CSU_HUB,PHONE_BLACKLISTED,phone blacklisted,2,Phone,PhoneFaxNumber,1,TRUE,FALSE
CSU_HUB,PHONE_AREA_CODE_INVALID,phone area code invalid,2,Phone,PhoneFaxNumber,1,TRUE,FALSE
CSU_HUB,PHONE_NUMBER_TOO_SHORT,phone number too short,2,Phone,PhoneFaxNumber,1,TRUE,FALSE
CSU_HUB,PHONE_CO_CODE_INVALID,phone co code invalid,2,Phone,PhoneFaxNumber,1,TRUE,FALSE
CSU_HUB,PHONE_NOT_A_NUMBER,phone not a number,2,Phone,PhoneFaxNumber,1,TRUE,FALSE
CSU_HUB,PHONE_EMPTY,phone empty,2,Phone,PhoneFaxNumber,1,FALSE,FALSE
CSU_HUB,UID_NOT_FOUND,UID not found,2,GUID,,1,FALSE,TRUE
CSU_HUB,BD_FUTURE,future data of birth,2,BirthDate,,,FALSE,TRUE
