<?xml version='1.0' encoding='utf-8'?>
<configDoc screen="images/screen____derive_age_from_bd.comp.png" cfgFilePath="workspace://Component_manager_v9/component/___derive_age_from_bd.comp" runtimeVersion="9.0.2.ga-2015-02-02" companyImage="images/logo_about.png" fileName="___derive_age_from_bd.comp" date="2015-04-15 18:12:04" xmlns:comm="http://www.ataccama.com/purity/comment" version="1.0">
  <generatorMeta name="Data Quality Center 9.0.2" company="Ataccama Corporation" about="{0}

Version: {1}

Copyright © 2002-{2} {3} All rights reserved.

Your use of the product is subject to the {0} end user license agreement." date="2015-04-15 18:12:33"/>
  <configAlg name="in (Integration Input)" image="images/InputStep.large.png" class="com.ataccama.dqc.tasks.common.usersteps.io.InputStep">
    <properties>
      <columns>
        <columnDef name="in_birth_day" type="DAY">
          <comm:comment>Source value of birth date.</comm:comment>
        </columnDef>
      </columns>
      <shadowColumns/>
    </properties>
  </configAlg>
  <configAlg name="Add Columns (Alter Format)" image="images/AlterFormat.large.png" class="com.ataccama.dqc.tasks.flow.AlterFormat">
    <properties>
      <addedColumns>
        <addedColumn name="out_age" type="INTEGER">
          <comm:comment>Output age in selected units.</comm:comment>
        </addedColumn>
        <addedColumn name="exp_age" type="STRING">
          <comm:comment>Explanation codes</comm:comment>
        </addedColumn>
        <addedColumn name="sco_age" type="INTEGER">
          <comm:comment>Data quality score</comm:comment>
        </addedColumn>
      </addedColumns>
      <removedColumns/>
    </properties>
  </configAlg>
  <configAlg name="Add parameter (Alter Format)" image="images/AlterFormat.large.png" class="com.ataccama.dqc.tasks.flow.AlterFormat">
    <properties>
      <addedColumns>
        <addedColumn expression="&#39;YEARS&#39;" name="age_unit" type="STRING"/>
        <addedColumn expression="today()" name="current_date" type="DAY"/>
      </addedColumns>
      <removedColumns/>
      <comm:comment>Add columns</comm:comment>
    </properties>
  </configAlg>
  <configAlg name="Set score (Simple Scoring)" image="images/SimpleScoring.large.png" class="com.ataccama.dqc.tasks.scoring.SimpleScoring">
    <properties defaultScoreColumn="sco_age" defaultExplainColumn="exp_age">
      <scoringCases>
        <scoringCase condition="in_birth_day is null" explanation="&quot;BD_EMPTY&quot;" score="10000000"/>
        <scoringCase condition="in_birth_day &gt; current_date and in_birth_day is not null" explanation="&quot;BD_FUTURE&quot;" score="10000"/>
        <scoringCase condition="upper(age_unit) not in {&#39;DAYS&#39;, &#39;WEEKS&#39;,&#39;MONTHS&#39;, &#39;YEARS&#39;} or age_unit is null" explanation="&quot;BD_PARAM_SET_YEARS&quot;" score="100"/>
      </scoringCases>
      <comm:comment>Set score for invalid and empty birthday and for invalid parameter</comm:comment>
    </properties>
  </configAlg>
  <configAlg name="Set age (Column Assigner)" image="images/ColumnAssigner.large.png" class="com.ataccama.dqc.tasks.expressions.ColumnAssigner">
    <properties whenCondition="sco_age &lt; 10000">
      <assignments>
        <assignment column="out_age">
          <expression>///////////////PREPARING FOR COUNT MONTHS AND YEARS - problems if birthday have not yet been this years or birthday day have not yeat been this month
//count months and years
$monthDiff:=dateDiff(in_birth_day, current_date, &#39;MONTH&#39;);
$yearDiff:=dateDiff(in_birth_day, current_date, &#39;YEAR&#39;);

//date of birth day in actual year
$birthDayActualYear:=
	toDate(
		toString(datePart(current_date, &quot;YEAR&quot;))+&quot;-&quot;+
		toString(datePart(in_birth_day, &quot;MONTH&quot;))+&quot;-&quot;+
		toString(datePart(in_birth_day, &quot;DAY&quot;)),
		&quot;yyyy-M-d&quot;
		);

//decision if birthday was/was not this year 
$birthDayYearExtra:=iif(current_date&lt;$birthDayActualYear, true, false);

//decision if day of birthday was/was not this month
$birthDayMonthExtra:=iif(datePart(current_date, &quot;DAY&quot;)&lt;datePart(in_birth_day, &quot;DAY&quot;), true, false);

/*
E.G. today is 2013-03-15
A) today is 2013-03-15, in_birth_day is 2000-05-10 - birthday have not yet been this years
count YEARS is 12 (2013-2000 = 13 but birthday was not this year so -1 -&gt; 12)
B) today is 2013-03-15, in_birth_day is 2000-02-28 - birthday have been this years
count YEARS is 13 (2013-2000 = 13 and birthday was this year)
C) today is 2013-03-15, in_birth_day is 2013-01-20 - birthday day have not yet been this month
count MONTHS is 1 (03 - 01 = 2 and birthday day was this month so -1 -&gt; 1)
D) today is 2013-03-15, in_birth_day is 2013-01-10 - birthday day have been this month
count MONTHS is 2 (03 - 01 = 2 and birthday day was this month)
*/

/////////////////////////////////////////////////////////////////////////////////

case(
	//count DAYS
	upper(age_unit)=&#39;DAYS&#39;, dateDiff(in_birth_day, current_date, &#39;DAY&#39;), 
	//count WEEKS (days devide 7 and round down)
	upper(age_unit)=&#39;WEEKS&#39;, dateDiff(in_birth_day, current_date, &#39;DAY&#39;) div 7,
	//count MONTHS - if day of birthday was not this month then subtract 1 month
	upper(age_unit)=&#39;MONTHS&#39;, iif ( $birthDayMonthExtra, $monthDiff-1, $monthDiff),
	//count YEARS - if birthday was not this year then subtract 1 year
	//every parameter which was not DAYS, WEEKS or MONTHS is taken as YEARS
	iif ( $birthDayYearExtra, $yearDiff-1, $yearDiff)	
)</expression>
          <scorer>
            <scoringEntries>
              <scoringEntry score="0" explainAs="CA_CHANGED" explain="false" key="CA_CHANGED"/>
            </scoringEntries>
          </scorer>
          <comm:comment>Count age according to parameter</comm:comment>
        </assignment>
      </assignments>
      <comm:comment>Set age for valid birth day</comm:comment>
    </properties>
  </configAlg>
  <configAlg name="Delete parameter (Alter Format)" image="images/AlterFormat.large.png" class="com.ataccama.dqc.tasks.flow.AlterFormat">
    <properties>
      <addedColumns/>
      <removedColumns>
        <columnRef name="age_unit"/>
        <columnRef name="in_birth_day"/>
        <columnRef name="current_date"/>
      </removedColumns>
      <comm:comment>Delete columns</comm:comment>
    </properties>
  </configAlg>
  <configAlg name="out (Integration Output)" image="images/OutputStep.large.png" class="com.ataccama.dqc.tasks.common.usersteps.io.OutputStep">
    <properties>
      <requiredColumns>
        <requiredColumn name="out_age" type="INTEGER">
          <comm:comment>Output age in selected units.</comm:comment>
        </requiredColumn>
        <requiredColumn name="exp_age" type="STRING">
          <comm:comment>Explanation codes</comm:comment>
        </requiredColumn>
        <requiredColumn name="sco_age" type="INTEGER">
          <comm:comment>Data quality score</comm:comment>
        </requiredColumn>
      </requiredColumns>
    </properties>
  </configAlg>
</configDoc>