<?xml version="1.0" encoding="UTF-8"?>

<idsDocument name="EmployeeMaster" type="master" instance="Employee" domain="Employee" elementOrder="MasterStatus,MasterStatusReason,MasterId,MasterStatusCode,EmployeeIdentifier,FullName,LastName,FirstName,BirthDate,Email,MiddleName,PrefixName,SuffixName,Phone,CampusCode,EffectiveDate,ExpirationDate,DeceasedDate,Person,CSU_GUID,IdentificationOmniCollection,DemographicsOmniCollection,NameOmniCollection,EmailOmniCollection,PhoneOmniCollection, AddressOmniCollection" captureHistory="false" cleanse="true" match="true" merge="false" remediate="true" modelName="Employee">
  <documentation>Represents a generic person associated with a policy or claim</documentation>
  <longDocumentation>Represents a generic person associated with a policy or claim</longDocumentation>
  <customType name="date" class="com.ibi.omni.ids.types.IdsDateType"/>
  <customType name="code" class="com.ibi.omni.ids.types.IdsCodeType"/>
  <customType name="string" class="com.ibi.omni.ids.types.IdsStringType"/>
  <customType name="codelist" class="com.ibi.omni.ids.types.IdsMultipleCodeType"/>
  <customType name="document" class="com.ibi.omni.ids.types.IdsDocumentType"/>
  <customType name="link" class="com.ibi.omni.ids.types.IdsLinkType"/>
  <customType name="omnilink" class="com.ibi.omni.ids.types.IdsLinkType"/>
  <customType name="integer" class="com.ibi.omni.ids.types.IdsIntegerType"/>
  <customType name="float" class="com.ibi.omni.ids.types.IdsFloatType"/>
  <customType name="long" class="com.ibi.omni.ids.types.IdsLongType"/>
  <customType name="sourcecode" class="com.ibi.omni.model.codes.SourceCode"/>
  <customType name="reference" class="com.ibi.omni.ids.types.IdsMasterCodeType"/>
  <customType name="number" class="com.ibi.omni.ids.types.IdsNumberType"/>
  <customType name="datetime" class="com.ibi.omni.ids.types.IdsDateTimeType"/>
  <customType name="clob" class="com.ibi.omni.ids.types.IdsClobType"/>
  <customType name="omnidate" class="com.ibi.omni.ids.types.IdsDateType"/>
  <customType name="omnicode" class="com.ibi.omni.ids.types.IdsCodeType"/>
  <customType name="identifier" class="com.ibi.omni.ids.types.IdsMasterLinkType"/>
  <customType name="masteromnicode" class="com.ibi.omni.ids.types.IdsMasterCodeType"/>
  <customType name="omnidatetime" class="com.ibi.omni.ids.types.IdsDateTimeType"/>
  <customType name="double" class="com.ibi.omni.ids.types.IdsDoubleType"/>
  <customType name="boolean" class="com.ibi.omni.ids.types.IdsBooleanType"/>
  <customType name="inherited" class="com.ibi.omni.ids.types.IdsStringType"/>
  <customType name="time" class="com.ibi.omni.ids.types.IdsTimeType"/>
  <customType name="masteromnilink" class="com.ibi.omni.ids.types.IdsMasterLinkType"/>
  <customType name="varlink" class="com.ibi.omni.ids.types.IdsVarLinkType"/>
  <element name="MasterStatus" type="string" hidden="true" cleanse="true" match="true" merge="true">
    <documentation></documentation>
  </element>
  <element name="MasterStatusReason" type="string" hidden="true" cleanse="true" match="true" merge="true">
    <documentation>Use to specify the reason for the status.</documentation>
  </element>
  <element name="MasterId" type="string" key="true">
    <documentation>Master id for master instance relationship.</documentation>
  </element>
  <element name="MasterStatusCode" udlName="masterStatus" type="masteromnicode">
    <documentation></documentation>
  </element>
  <element name="EmployeeIdentifier" type="string">
    <documentation>The unique source system identifier that represents a Person</documentation>
    <shortDescription>The unique source system identifier that represents a Person</shortDescription>
  </element>
  <element name="FullName" type="string">
    <documentation>The full name of person</documentation>
    <shortDescription>The full name of person</shortDescription>
  </element>
  <element name="LastName" type="string">
    <documentation>The last name of person</documentation>
    <shortDescription>The last name of person</shortDescription>
  </element>
  <element name="FirstName" type="string">
    <documentation>The first name of the person</documentation>
    <shortDescription>The first name of the person</shortDescription>
  </element>
  <element name="BirthDate" type="date">
    <documentation>Date of Birth of the Person</documentation>
    <shortDescription>Date of Birth of the Person</shortDescription>
  </element>
  <element name="Email" type="string">
    <documentation>The email address of the Person</documentation>
    <shortDescription>The email address of the Person</shortDescription>
  </element>
  <element name="MiddleName" type="string">
    <documentation>The middle name or initial of person</documentation>
    <shortDescription>The middle name or initial of person</shortDescription>
  </element>
  <element name="PrefixName" type="string">
    <documentation>Prefix in the insured name containing social titles, academic titles</documentation>
    <shortDescription>Prefix in the insured name containing social titles, academic titles</shortDescription>
  </element>
  <element name="SuffixName" type="string">
    <documentation>Suffix in the insured name containing name generations etc</documentation>
    <shortDescription>Suffix in the insured name containing name generations etc</shortDescription>
  </element>
  <element name="Phone" type="string">
    <documentation>Phone number of the Person</documentation>
    <shortDescription>Phone number of the Person</shortDescription>
  </element>
  <element name="CampusCode" type="string">
    <documentation></documentation>
  </element>
  <element name="EffectiveDate" type="string">
    <documentation>Effective date of the Employment</documentation>
    <shortDescription>Effective date of the Employment</shortDescription>
  </element>
  <element name="ExpirationDate" type="string">
    <documentation>Expiration date of the Employment</documentation>
    <shortDescription>Expiration date of the Employment</shortDescription>
  </element>
  <element name="DeceasedDate" type="date">
    <documentation>Deceased Date of the Person</documentation>
    <shortDescription>Deceased Date of the Person</shortDescription>
  </element>
  <element name="Person" type="masteromnilink" contains="PersonMaster">
    <documentation></documentation>
  </element>
  <element name="CSU_GUID" type="string">
    <documentation></documentation>
  </element>
  <list name="IdentificationOmniCollection" udlName="identificationOmniCollection" hidden="false">
    <documentation></documentation>
    <idsDocument name="EmployeeIdentificationMaster" type="master_child" elementOrder="MasterStatus,MasterStatusReason,MasterId,MasterStatusCode,MasterChildId,IDType,IDNumber,ExpirationDate,EffectiveDate, IssuingAuthorityName" captureHistory="false" modelName="Identification">
      <documentation/>
      <longDocumentation/>
      <customType name="date" class="com.ibi.omni.ids.types.IdsDateType"/>
      <customType name="code" class="com.ibi.omni.ids.types.IdsCodeType"/>
      <customType name="string" class="com.ibi.omni.ids.types.IdsStringType"/>
      <customType name="codelist" class="com.ibi.omni.ids.types.IdsMultipleCodeType"/>
      <customType name="document" class="com.ibi.omni.ids.types.IdsDocumentType"/>
      <customType name="link" class="com.ibi.omni.ids.types.IdsLinkType"/>
      <customType name="omnilink" class="com.ibi.omni.ids.types.IdsLinkType"/>
      <customType name="integer" class="com.ibi.omni.ids.types.IdsIntegerType"/>
      <customType name="float" class="com.ibi.omni.ids.types.IdsFloatType"/>
      <customType name="long" class="com.ibi.omni.ids.types.IdsLongType"/>
      <customType name="sourcecode" class="com.ibi.omni.model.codes.SourceCode"/>
      <customType name="reference" class="com.ibi.omni.ids.types.IdsMasterCodeType"/>
      <customType name="number" class="com.ibi.omni.ids.types.IdsNumberType"/>
      <customType name="datetime" class="com.ibi.omni.ids.types.IdsDateTimeType"/>
      <customType name="clob" class="com.ibi.omni.ids.types.IdsClobType"/>
      <customType name="omnidate" class="com.ibi.omni.ids.types.IdsDateType"/>
      <customType name="omnicode" class="com.ibi.omni.ids.types.IdsCodeType"/>
      <customType name="identifier" class="com.ibi.omni.ids.types.IdsMasterLinkType"/>
      <customType name="masteromnicode" class="com.ibi.omni.ids.types.IdsMasterCodeType"/>
      <customType name="omnidatetime" class="com.ibi.omni.ids.types.IdsDateTimeType"/>
      <customType name="double" class="com.ibi.omni.ids.types.IdsDoubleType"/>
      <customType name="boolean" class="com.ibi.omni.ids.types.IdsBooleanType"/>
      <customType name="inherited" class="com.ibi.omni.ids.types.IdsStringType"/>
      <customType name="time" class="com.ibi.omni.ids.types.IdsTimeType"/>
      <customType name="masteromnilink" class="com.ibi.omni.ids.types.IdsMasterLinkType"/>
      <customType name="varlink" class="com.ibi.omni.ids.types.IdsVarLinkType"/>
      <element name="MasterStatus" type="string" hidden="true" cleanse="true" match="true" merge="true">
        <documentation></documentation>
      </element>
      <element name="MasterStatusReason" type="string" hidden="true" cleanse="true" match="true" merge="true">
        <documentation>Use to specify the reason for the status.</documentation>
      </element>
      <element name="MasterId" type="string" key="true">
        <documentation>Master id for master instance relationship.</documentation>
      </element>
      <element name="MasterStatusCode" udlName="masterStatus" type="masteromnicode">
        <documentation></documentation>
      </element>
      <element name="MasterChildId" type="string" key="true">
        <documentation>Id for children linked to a master.</documentation>
      </element>
      <element name="IDType" type="code">
        <documentation>Identification type - DL_Passport_BirthCertificate, SSN</documentation>
        <shortDescription>Identification type - DL_Passport_BirthCertificate, SSN</shortDescription>
      </element>
      <element name="IDNumber" type="string">
        <documentation>The identifier value</documentation>
        <shortDescription>The identifier value</shortDescription>
      </element>
      <element name="ExpirationDate" type="datetime">
        <documentation>Expiration date of the identifier</documentation>
        <shortDescription>Expiration date of the identifier</shortDescription>
      </element>
      <element name="EffectiveDate" type="datetime">
        <documentation>Effective date of the identifier</documentation>
        <shortDescription>Effective date of the identifier</shortDescription>
      </element>
      <element name="IssuingAuthorityName" type="string">
        <documentation>Name of the issuing authority</documentation>
        <shortDescription>Name of the issuing authority</shortDescription>
      </element>
    </idsDocument>
  </list>
  <list name="DemographicsOmniCollection" udlName="demographicsOmniCollection" hidden="false">
    <documentation></documentation>
    <idsDocument name="EmployeeDemographicsMaster" type="master_child" elementOrder="MasterStatus,MasterStatusReason,MasterId,MasterStatusCode,MasterChildId,EffectiveDate,CurrentIndicator,ExpirationDate,Type,Text,Value, Code" captureHistory="false" modelName="Demographics">
      <documentation>The demographics related to a customer.</documentation>
      <longDocumentation/>
      <customType name="date" class="com.ibi.omni.ids.types.IdsDateType"/>
      <customType name="code" class="com.ibi.omni.ids.types.IdsCodeType"/>
      <customType name="string" class="com.ibi.omni.ids.types.IdsStringType"/>
      <customType name="codelist" class="com.ibi.omni.ids.types.IdsMultipleCodeType"/>
      <customType name="document" class="com.ibi.omni.ids.types.IdsDocumentType"/>
      <customType name="link" class="com.ibi.omni.ids.types.IdsLinkType"/>
      <customType name="omnilink" class="com.ibi.omni.ids.types.IdsLinkType"/>
      <customType name="integer" class="com.ibi.omni.ids.types.IdsIntegerType"/>
      <customType name="float" class="com.ibi.omni.ids.types.IdsFloatType"/>
      <customType name="long" class="com.ibi.omni.ids.types.IdsLongType"/>
      <customType name="sourcecode" class="com.ibi.omni.model.codes.SourceCode"/>
      <customType name="reference" class="com.ibi.omni.ids.types.IdsMasterCodeType"/>
      <customType name="number" class="com.ibi.omni.ids.types.IdsNumberType"/>
      <customType name="datetime" class="com.ibi.omni.ids.types.IdsDateTimeType"/>
      <customType name="clob" class="com.ibi.omni.ids.types.IdsClobType"/>
      <customType name="omnidate" class="com.ibi.omni.ids.types.IdsDateType"/>
      <customType name="omnicode" class="com.ibi.omni.ids.types.IdsCodeType"/>
      <customType name="identifier" class="com.ibi.omni.ids.types.IdsMasterLinkType"/>
      <customType name="masteromnicode" class="com.ibi.omni.ids.types.IdsMasterCodeType"/>
      <customType name="omnidatetime" class="com.ibi.omni.ids.types.IdsDateTimeType"/>
      <customType name="double" class="com.ibi.omni.ids.types.IdsDoubleType"/>
      <customType name="boolean" class="com.ibi.omni.ids.types.IdsBooleanType"/>
      <customType name="inherited" class="com.ibi.omni.ids.types.IdsStringType"/>
      <customType name="time" class="com.ibi.omni.ids.types.IdsTimeType"/>
      <customType name="masteromnilink" class="com.ibi.omni.ids.types.IdsMasterLinkType"/>
      <customType name="varlink" class="com.ibi.omni.ids.types.IdsVarLinkType"/>
      <element name="MasterStatus" type="string" hidden="true" cleanse="true" match="true" merge="true">
        <documentation></documentation>
      </element>
      <element name="MasterStatusReason" type="string" hidden="true" cleanse="true" match="true" merge="true">
        <documentation>Use to specify the reason for the status.</documentation>
      </element>
      <element name="MasterId" type="string" key="true">
        <documentation>Master id for master instance relationship.</documentation>
      </element>
      <element name="MasterStatusCode" udlName="masterStatus" type="masteromnicode">
        <documentation></documentation>
      </element>
      <element name="MasterChildId" type="string" key="true">
        <documentation>Id for children linked to a master.</documentation>
      </element>
      <element name="EffectiveDate" type="datetime">
        <documentation>The effective date for a set of insured demographics.</documentation>
        <shortDescription>The effective date for a set of insured demographics.</shortDescription>
      </element>
      <element name="CurrentIndicator" type="boolean">
        <documentation>A Y/N indicator identifying whether the customer demographic is currently in effect.</documentation>
        <shortDescription>A Y/N indicator identifying whether the customer demographic is currently in effect.</shortDescription>
      </element>
      <element name="ExpirationDate" type="datetime">
        <documentation>The expiration date for a set of insured demographics.</documentation>
        <shortDescription>The expiration date for a set of insured demographics.</shortDescription>
      </element>
      <element name="Type" type="code">
        <documentation>A code representing the type of the recorded demographic</documentation>
        <shortDescription>A code representing the type of the recorded demographic</shortDescription>
      </element>
      <element name="Text" type="string">
        <documentation>A text value of the demographic</documentation>
        <shortDescription>A text value of the demographic</shortDescription>
      </element>
      <element name="Value" type="double">
        <documentation>A numeric value of the demographic</documentation>
        <shortDescription>A numeric value of the demographic</shortDescription>
      </element>
      <element name="Code" type="code">
        <documentation>A coded value of the demographic</documentation>
        <shortDescription>A coded value of the demographic</shortDescription>
      </element>
    </idsDocument>
  </list>
  <list name="NameOmniCollection" udlName="nameOmniCollection" hidden="false">
    <documentation></documentation>
    <idsDocument name="EmployeeNameMaster" type="master_child" elementOrder="MasterStatus,MasterStatusReason,MasterId,MasterStatusCode,MasterChildId,Type,EffectiveDate,ExpirationDate,NamePrefix,NameSuffix,LastName,FirstName,MiddleName,PreferedFirstName, FullName" captureHistory="false" modelName="Name">
      <documentation/>
      <longDocumentation/>
      <customType name="date" class="com.ibi.omni.ids.types.IdsDateType"/>
      <customType name="code" class="com.ibi.omni.ids.types.IdsCodeType"/>
      <customType name="string" class="com.ibi.omni.ids.types.IdsStringType"/>
      <customType name="codelist" class="com.ibi.omni.ids.types.IdsMultipleCodeType"/>
      <customType name="document" class="com.ibi.omni.ids.types.IdsDocumentType"/>
      <customType name="link" class="com.ibi.omni.ids.types.IdsLinkType"/>
      <customType name="omnilink" class="com.ibi.omni.ids.types.IdsLinkType"/>
      <customType name="integer" class="com.ibi.omni.ids.types.IdsIntegerType"/>
      <customType name="float" class="com.ibi.omni.ids.types.IdsFloatType"/>
      <customType name="long" class="com.ibi.omni.ids.types.IdsLongType"/>
      <customType name="sourcecode" class="com.ibi.omni.model.codes.SourceCode"/>
      <customType name="reference" class="com.ibi.omni.ids.types.IdsMasterCodeType"/>
      <customType name="number" class="com.ibi.omni.ids.types.IdsNumberType"/>
      <customType name="datetime" class="com.ibi.omni.ids.types.IdsDateTimeType"/>
      <customType name="clob" class="com.ibi.omni.ids.types.IdsClobType"/>
      <customType name="omnidate" class="com.ibi.omni.ids.types.IdsDateType"/>
      <customType name="omnicode" class="com.ibi.omni.ids.types.IdsCodeType"/>
      <customType name="identifier" class="com.ibi.omni.ids.types.IdsMasterLinkType"/>
      <customType name="masteromnicode" class="com.ibi.omni.ids.types.IdsMasterCodeType"/>
      <customType name="omnidatetime" class="com.ibi.omni.ids.types.IdsDateTimeType"/>
      <customType name="double" class="com.ibi.omni.ids.types.IdsDoubleType"/>
      <customType name="boolean" class="com.ibi.omni.ids.types.IdsBooleanType"/>
      <customType name="inherited" class="com.ibi.omni.ids.types.IdsStringType"/>
      <customType name="time" class="com.ibi.omni.ids.types.IdsTimeType"/>
      <customType name="masteromnilink" class="com.ibi.omni.ids.types.IdsMasterLinkType"/>
      <customType name="varlink" class="com.ibi.omni.ids.types.IdsVarLinkType"/>
      <element name="MasterStatus" type="string" hidden="true" cleanse="true" match="true" merge="true">
        <documentation></documentation>
      </element>
      <element name="MasterStatusReason" type="string" hidden="true" cleanse="true" match="true" merge="true">
        <documentation>Use to specify the reason for the status.</documentation>
      </element>
      <element name="MasterId" type="string" key="true">
        <documentation>Master id for master instance relationship.</documentation>
      </element>
      <element name="MasterStatusCode" udlName="masterStatus" type="masteromnicode">
        <documentation></documentation>
      </element>
      <element name="MasterChildId" type="string" key="true">
        <documentation>Id for children linked to a master.</documentation>
      </element>
      <element name="Type" type="code">
        <documentation></documentation>
      </element>
      <element name="EffectiveDate" type="datetime">
        <documentation>Effective date of the name</documentation>
        <shortDescription>Effective date of the name</shortDescription>
      </element>
      <element name="ExpirationDate" type="datetime">
        <documentation>Expiration date of the name</documentation>
        <shortDescription>Expiration date of the name</shortDescription>
      </element>
      <element name="NamePrefix" type="string">
        <documentation>Prefix in the Person name containing social titles, academic titles</documentation>
        <shortDescription>Prefix in the Person name containing social titles, academic titles</shortDescription>
      </element>
      <element name="NameSuffix" type="string">
        <documentation>Suffix in the Person name containing name generations etc</documentation>
        <shortDescription>Suffix in the Person name containing name generations etc</shortDescription>
      </element>
      <element name="LastName" type="string">
        <documentation>The last name of person</documentation>
        <shortDescription>The last name of person</shortDescription>
      </element>
      <element name="FirstName" type="string">
        <documentation>The first name of the person</documentation>
        <shortDescription>The first name of the person</shortDescription>
      </element>
      <element name="MiddleName" type="string">
        <documentation>The middle name or initial of person</documentation>
        <shortDescription>The middle name or initial of person</shortDescription>
      </element>
      <element name="PreferedFirstName" type="string">
        <documentation>The Prefered first name of the person</documentation>
        <shortDescription>The Prefered first name of the person</shortDescription>
      </element>
      <element name="FullName" type="string">
        <documentation>The full name of person</documentation>
        <shortDescription>The full name of person</shortDescription>
      </element>
    </idsDocument>
  </list>
  <list name="EmailOmniCollection" udlName="emailOmniCollection" hidden="false">
    <documentation></documentation>
    <idsDocument name="EmployeeEmailMaster" type="master_child" elementOrder="MasterStatus,MasterStatusReason,MasterId,MasterStatusCode,MasterChildId,PrimaryIndicator,EmailType,Email,ActiveIndicator,CommStatus,EffectiveDate,ExpirationDate, PreferedEmailFlag" captureHistory="false" modelName="Email">
      <documentation>The email related to a student or employee</documentation>
      <longDocumentation/>
      <customType name="date" class="com.ibi.omni.ids.types.IdsDateType"/>
      <customType name="code" class="com.ibi.omni.ids.types.IdsCodeType"/>
      <customType name="string" class="com.ibi.omni.ids.types.IdsStringType"/>
      <customType name="codelist" class="com.ibi.omni.ids.types.IdsMultipleCodeType"/>
      <customType name="document" class="com.ibi.omni.ids.types.IdsDocumentType"/>
      <customType name="link" class="com.ibi.omni.ids.types.IdsLinkType"/>
      <customType name="omnilink" class="com.ibi.omni.ids.types.IdsLinkType"/>
      <customType name="integer" class="com.ibi.omni.ids.types.IdsIntegerType"/>
      <customType name="float" class="com.ibi.omni.ids.types.IdsFloatType"/>
      <customType name="long" class="com.ibi.omni.ids.types.IdsLongType"/>
      <customType name="sourcecode" class="com.ibi.omni.model.codes.SourceCode"/>
      <customType name="reference" class="com.ibi.omni.ids.types.IdsMasterCodeType"/>
      <customType name="number" class="com.ibi.omni.ids.types.IdsNumberType"/>
      <customType name="datetime" class="com.ibi.omni.ids.types.IdsDateTimeType"/>
      <customType name="clob" class="com.ibi.omni.ids.types.IdsClobType"/>
      <customType name="omnidate" class="com.ibi.omni.ids.types.IdsDateType"/>
      <customType name="omnicode" class="com.ibi.omni.ids.types.IdsCodeType"/>
      <customType name="identifier" class="com.ibi.omni.ids.types.IdsMasterLinkType"/>
      <customType name="masteromnicode" class="com.ibi.omni.ids.types.IdsMasterCodeType"/>
      <customType name="omnidatetime" class="com.ibi.omni.ids.types.IdsDateTimeType"/>
      <customType name="double" class="com.ibi.omni.ids.types.IdsDoubleType"/>
      <customType name="boolean" class="com.ibi.omni.ids.types.IdsBooleanType"/>
      <customType name="inherited" class="com.ibi.omni.ids.types.IdsStringType"/>
      <customType name="time" class="com.ibi.omni.ids.types.IdsTimeType"/>
      <customType name="masteromnilink" class="com.ibi.omni.ids.types.IdsMasterLinkType"/>
      <customType name="varlink" class="com.ibi.omni.ids.types.IdsVarLinkType"/>
      <element name="MasterStatus" type="string" hidden="true" cleanse="true" match="true" merge="true">
        <documentation></documentation>
      </element>
      <element name="MasterStatusReason" type="string" hidden="true" cleanse="true" match="true" merge="true">
        <documentation>Use to specify the reason for the status.</documentation>
      </element>
      <element name="MasterId" type="string" key="true">
        <documentation>Master id for master instance relationship.</documentation>
      </element>
      <element name="MasterStatusCode" udlName="masterStatus" type="masteromnicode">
        <documentation></documentation>
      </element>
      <element name="MasterChildId" type="string" key="true">
        <documentation>Id for children linked to a master.</documentation>
      </element>
      <element name="PrimaryIndicator" type="boolean">
        <documentation>A Y/N indicator as to whether this is the primary email</documentation>
        <shortDescription>A Y/N indicator as to whether this is the primary email</shortDescription>
      </element>
      <element name="EmailType" type="code">
        <documentation>The type of phone number such as home, mobile or business.</documentation>
        <shortDescription>The type of phone number such as home, mobile or business.</shortDescription>
      </element>
      <element name="Email" type="string">
        <documentation>Email</documentation>
        <shortDescription>Email</shortDescription>
      </element>
      <element name="ActiveIndicator" type="boolean">
        <documentation>A Y/N indicator identifying whether a email is active.</documentation>
        <shortDescription>A Y/N indicator identifying whether a email is active.</shortDescription>
      </element>
      <element name="CommStatus" type="code">
        <documentation>This is the status of the phone number such as unconfirmed, invalid, opt-in, opt-out or unsubscribe.</documentation>
        <shortDescription>This is the status of the phone number such as unconfirmed, invalid, opt-in, opt-out or unsubscribe.</shortDescription>
      </element>
      <element name="EffectiveDate" type="datetime">
        <documentation>Effective date of the email number</documentation>
        <shortDescription>Effective date of the email number</shortDescription>
      </element>
      <element name="ExpirationDate" type="datetime">
        <documentation>Expiration date of the email number</documentation>
        <shortDescription>Expiration date of the email number</shortDescription>
      </element>
      <element name="PreferedEmailFlag" type="code">
        <documentation>Prefered Email Flag</documentation>
        <shortDescription>Prefered Email Flag</shortDescription>
      </element>
    </idsDocument>
  </list>
  <list name="PhoneOmniCollection" udlName="phoneOmniCollection" hidden="false">
    <documentation></documentation>
    <idsDocument name="EmployeePhoneMaster" type="master_child" elementOrder="MasterStatus,MasterStatusReason,MasterId,MasterStatusCode,MasterChildId,PrimaryIndicator,PhoneType,PhoneFaxNumber,Extension,ActiveIndicator,CommStatus,EffectiveDate,ExpirationDate, PreferedPhoneFlag" captureHistory="false" modelName="Phone">
      <documentation>The phone numbers related to a customer.</documentation>
      <longDocumentation/>
      <customType name="date" class="com.ibi.omni.ids.types.IdsDateType"/>
      <customType name="code" class="com.ibi.omni.ids.types.IdsCodeType"/>
      <customType name="string" class="com.ibi.omni.ids.types.IdsStringType"/>
      <customType name="codelist" class="com.ibi.omni.ids.types.IdsMultipleCodeType"/>
      <customType name="document" class="com.ibi.omni.ids.types.IdsDocumentType"/>
      <customType name="link" class="com.ibi.omni.ids.types.IdsLinkType"/>
      <customType name="omnilink" class="com.ibi.omni.ids.types.IdsLinkType"/>
      <customType name="integer" class="com.ibi.omni.ids.types.IdsIntegerType"/>
      <customType name="float" class="com.ibi.omni.ids.types.IdsFloatType"/>
      <customType name="long" class="com.ibi.omni.ids.types.IdsLongType"/>
      <customType name="sourcecode" class="com.ibi.omni.model.codes.SourceCode"/>
      <customType name="reference" class="com.ibi.omni.ids.types.IdsMasterCodeType"/>
      <customType name="number" class="com.ibi.omni.ids.types.IdsNumberType"/>
      <customType name="datetime" class="com.ibi.omni.ids.types.IdsDateTimeType"/>
      <customType name="clob" class="com.ibi.omni.ids.types.IdsClobType"/>
      <customType name="omnidate" class="com.ibi.omni.ids.types.IdsDateType"/>
      <customType name="omnicode" class="com.ibi.omni.ids.types.IdsCodeType"/>
      <customType name="identifier" class="com.ibi.omni.ids.types.IdsMasterLinkType"/>
      <customType name="masteromnicode" class="com.ibi.omni.ids.types.IdsMasterCodeType"/>
      <customType name="omnidatetime" class="com.ibi.omni.ids.types.IdsDateTimeType"/>
      <customType name="double" class="com.ibi.omni.ids.types.IdsDoubleType"/>
      <customType name="boolean" class="com.ibi.omni.ids.types.IdsBooleanType"/>
      <customType name="inherited" class="com.ibi.omni.ids.types.IdsStringType"/>
      <customType name="time" class="com.ibi.omni.ids.types.IdsTimeType"/>
      <customType name="masteromnilink" class="com.ibi.omni.ids.types.IdsMasterLinkType"/>
      <customType name="varlink" class="com.ibi.omni.ids.types.IdsVarLinkType"/>
      <element name="MasterStatus" type="string" hidden="true" cleanse="true" match="true" merge="true">
        <documentation></documentation>
      </element>
      <element name="MasterStatusReason" type="string" hidden="true" cleanse="true" match="true" merge="true">
        <documentation>Use to specify the reason for the status.</documentation>
      </element>
      <element name="MasterId" type="string" key="true">
        <documentation>Master id for master instance relationship.</documentation>
      </element>
      <element name="MasterStatusCode" udlName="masterStatus" type="masteromnicode">
        <documentation></documentation>
      </element>
      <element name="MasterChildId" type="string" key="true">
        <documentation>Id for children linked to a master.</documentation>
      </element>
      <element name="PrimaryIndicator" type="boolean">
        <documentation>A Y/N indicator as to whether this is the primary phone number</documentation>
        <shortDescription>A Y/N indicator as to whether this is the primary phone number</shortDescription>
      </element>
      <element name="PhoneType" type="code">
        <documentation>The type of phone number such as home, mobile or business.</documentation>
        <shortDescription>The type of phone number such as home, mobile or business.</shortDescription>
      </element>
      <element name="PhoneFaxNumber" type="string">
        <documentation>A set of digits that represents a phone number.</documentation>
        <shortDescription>A set of digits that represents a phone number.</shortDescription>
      </element>
      <element name="Extension" type="string">
        <documentation>Any appropriate extension for a phone number.</documentation>
        <shortDescription>Any appropriate extension for a phone number.</shortDescription>
      </element>
      <element name="ActiveIndicator" type="boolean">
        <documentation>A Y/N indicator identifying whether a phone number is active.</documentation>
        <shortDescription>A Y/N indicator identifying whether a phone number is active.</shortDescription>
      </element>
      <element name="CommStatus" type="code">
        <documentation>This is the status of the phone number such as unconfirmed, invalid, opt-in, opt-out or unsubscribe.</documentation>
        <shortDescription>This is the status of the phone number such as unconfirmed, invalid, opt-in, opt-out or unsubscribe.</shortDescription>
      </element>
      <element name="EffectiveDate" type="datetime">
        <documentation>Effective date of the phone number</documentation>
        <shortDescription>Effective date of the phone number</shortDescription>
      </element>
      <element name="ExpirationDate" type="datetime">
        <documentation>Expiration date of the phone number</documentation>
        <shortDescription>Expiration date of the phone number</shortDescription>
      </element>
      <element name="PreferedPhoneFlag" type="code">
        <documentation>Prefered Phone Flag</documentation>
        <shortDescription>Prefered Phone Flag</shortDescription>
      </element>
    </idsDocument>
  </list>
  <list name="AddressOmniCollection" udlName="addressOmniCollection" hidden="false">
    <documentation></documentation>
    <idsDocument name="EmployeeAddressMaster" type="master_child" elementOrder="MasterStatus,MasterStatusReason,MasterId,MasterStatusCode,MasterChildId,StreetAddress1,City,PostalCodeFull,AddressType,TimeZone,PrimaryIndicator,Latitude,Longitude,StreetAddress2,AttnToContact,GeoDistance,AVC,EffectiveDate,ExpirationDate,OrganizationName,RegionName,PostalCodeBase,StateProvinceName,CountyName,CountryName, StreetAddress3" captureHistory="false" modelName="Address">
      <documentation>The addresses related to a student.</documentation>
      <longDocumentation/>
      <customType name="date" class="com.ibi.omni.ids.types.IdsDateType"/>
      <customType name="code" class="com.ibi.omni.ids.types.IdsCodeType"/>
      <customType name="string" class="com.ibi.omni.ids.types.IdsStringType"/>
      <customType name="codelist" class="com.ibi.omni.ids.types.IdsMultipleCodeType"/>
      <customType name="document" class="com.ibi.omni.ids.types.IdsDocumentType"/>
      <customType name="link" class="com.ibi.omni.ids.types.IdsLinkType"/>
      <customType name="omnilink" class="com.ibi.omni.ids.types.IdsLinkType"/>
      <customType name="integer" class="com.ibi.omni.ids.types.IdsIntegerType"/>
      <customType name="float" class="com.ibi.omni.ids.types.IdsFloatType"/>
      <customType name="long" class="com.ibi.omni.ids.types.IdsLongType"/>
      <customType name="sourcecode" class="com.ibi.omni.model.codes.SourceCode"/>
      <customType name="reference" class="com.ibi.omni.ids.types.IdsMasterCodeType"/>
      <customType name="number" class="com.ibi.omni.ids.types.IdsNumberType"/>
      <customType name="datetime" class="com.ibi.omni.ids.types.IdsDateTimeType"/>
      <customType name="clob" class="com.ibi.omni.ids.types.IdsClobType"/>
      <customType name="omnidate" class="com.ibi.omni.ids.types.IdsDateType"/>
      <customType name="omnicode" class="com.ibi.omni.ids.types.IdsCodeType"/>
      <customType name="identifier" class="com.ibi.omni.ids.types.IdsMasterLinkType"/>
      <customType name="masteromnicode" class="com.ibi.omni.ids.types.IdsMasterCodeType"/>
      <customType name="omnidatetime" class="com.ibi.omni.ids.types.IdsDateTimeType"/>
      <customType name="double" class="com.ibi.omni.ids.types.IdsDoubleType"/>
      <customType name="boolean" class="com.ibi.omni.ids.types.IdsBooleanType"/>
      <customType name="inherited" class="com.ibi.omni.ids.types.IdsStringType"/>
      <customType name="time" class="com.ibi.omni.ids.types.IdsTimeType"/>
      <customType name="masteromnilink" class="com.ibi.omni.ids.types.IdsMasterLinkType"/>
      <customType name="varlink" class="com.ibi.omni.ids.types.IdsVarLinkType"/>
      <element name="MasterStatus" type="string" hidden="true" cleanse="true" match="true" merge="true">
        <documentation></documentation>
      </element>
      <element name="MasterStatusReason" type="string" hidden="true" cleanse="true" match="true" merge="true">
        <documentation>Use to specify the reason for the status.</documentation>
      </element>
      <element name="MasterId" type="string" key="true">
        <documentation>Master id for master instance relationship.</documentation>
      </element>
      <element name="MasterStatusCode" udlName="masterStatus" type="masteromnicode">
        <documentation></documentation>
      </element>
      <element name="MasterChildId" type="string" key="true">
        <documentation>Id for children linked to a master.</documentation>
      </element>
      <element name="StreetAddress1" type="string">
        <documentation>The first line of the street/house/building/parcel portion of an address.</documentation>
        <shortDescription>The first line of the street/house/building/parcel portion of an address.</shortDescription>
      </element>
      <element name="City" type="string">
        <documentation>The city portion of an address.</documentation>
        <shortDescription>The city portion of an address.</shortDescription>
      </element>
      <element name="PostalCodeFull" type="string">
        <documentation>The fully extended postal zip code including any suffixes</documentation>
        <shortDescription>The fully extended postal zip code including any suffixes</shortDescription>
      </element>
      <element name="AddressType" type="code">
        <documentation>This field identifies the primary use for an address such as ship to, bill to or sold to.</documentation>
        <shortDescription>This field identifies the primary use for an address such as ship to, bill to or sold to.</shortDescription>
      </element>
      <element name="TimeZone" type="string">
        <documentation>The time zone in which the address is located.</documentation>
        <shortDescription>The time zone in which the address is located.</shortDescription>
      </element>
      <element name="PrimaryIndicator" type="boolean">
        <documentation>A Y/N indicator identiying the primary address for the customer</documentation>
        <shortDescription>A Y/N indicator identiying the primary address for the customer</shortDescription>
      </element>
      <element name="Latitude" type="double" precision="10" scale="7">
        <documentation>The geospatial latitude for an address.</documentation>
        <shortDescription>The geospatial latitude for an address.</shortDescription>
      </element>
      <element name="Longitude" type="double" precision="10" scale="7">
        <documentation>The geospatial longitude for an address.</documentation>
        <shortDescription>The geospatial longitude for an address.</shortDescription>
      </element>
      <element name="StreetAddress2" type="string">
        <documentation>The second line of the street/house/building/parcel portion of an address.</documentation>
        <shortDescription>The second line of the street/house/building/parcel portion of an address.</shortDescription>
      </element>
      <element name="AttnToContact" type="string">
        <documentation>The contact name to include in the Attention To portion of the address.</documentation>
        <shortDescription>The contact name to include in the Attention To portion of the address.</shortDescription>
      </element>
      <element name="GeoDistance" type="double" precision="10" scale="2">
        <documentation>This field holds the radius of accuracy in meters, giving an indication of the likely maximum distance between the given geocode and the physical location</documentation>
        <shortDescription>Radius of accuracy of the address</shortDescription>
      </element>
      <element name="AVC" type="string">
        <documentation>Address Verification Code</documentation>
        <shortDescription>Address Verification Code</shortDescription>
      </element>
      <element name="EffectiveDate" type="datetime">
        <documentation>The source system effective date for the data in the record.</documentation>
        <shortDescription>The source system effective date for the data in the record.</shortDescription>
      </element>
      <element name="ExpirationDate" type="datetime">
        <documentation>The source system expiration date for the data in the record.</documentation>
        <shortDescription>The source system expiration date for the data in the record.</shortDescription>
      </element>
      <element name="OrganizationName" type="string">
        <documentation>Organization Name in an Address</documentation>
        <shortDescription>Organization Name in an Address</shortDescription>
      </element>
      <element name="RegionName" type="string">
        <documentation>The name of a geographic region that varying zip codes or postal codes can be grouped into</documentation>
        <shortDescription>The name of a geographic region that varying zip codes or postal codes can be grouped into</shortDescription>
      </element>
      <element name="PostalCodeBase" type="string">
        <documentation>The base portion of a postal zip code.</documentation>
        <shortDescription>The base portion of a postal zip code.</shortDescription>
      </element>
      <element name="StateProvinceName" type="string">
        <documentation>The name of a state or province in a country.</documentation>
        <shortDescription>The name of a state or province in a country.</shortDescription>
      </element>
      <element name="CountyName" type="string">
        <documentation>The name of a county in a state.</documentation>
        <shortDescription>The name of a county in a state.</shortDescription>
      </element>
      <element name="CountryName" type="string">
        <documentation>The name of a country</documentation>
        <shortDescription>The name of a country</shortDescription>
      </element>
      <element name="StreetAddress3" type="string">
        <documentation>The third line of the street/house/building/parcel portion of an address.</documentation>
        <shortDescription>The third line of the street/house/building/parcel portion of an address.</shortDescription>
      </element>
    </idsDocument>
  </list>
</idsDocument>
