<?xml version="1.0" encoding="UTF-8"?>

<idsDocument name="Student" type="instance" master="StudentMaster" domain="Student" elementOrder="OmniStatus,OmniStatusReason,SourceName,SourceInstanceId,SourceInstanceIdName,MasterId,CampusCode,StudentIdentifier,FullName,FirstName,MiddleName,LastName,PrefixName,SuffixName,BirthDate,DeceasedDate,Email,Phone,GUID,EffectiveDate,ExpirationDate,Person,AddressOmniCollection,IdentificationOmniCollection,DemographicsOmniCollection,NameOmniCollection,EmailOmniCollection,PhoneOmniCollection,SourceStatusCode,SourceCreatedDate,SourceCreatedBy,SourceModifiedDate, SourceModifiedBy" captureHistory="false" cleanse="true" match="true" merge="false" remediate="true" modelName="Student">
  <documentation>Represents a student</documentation>
  <longDocumentation>Represents a student</longDocumentation>
  <customType name="date" class="com.ibi.omni.ids.types.IdsDateType"/>
  <customType name="code" class="com.ibi.omni.ids.types.IdsCodeType"/>
  <customType name="string" class="com.ibi.omni.ids.types.IdsStringType"/>
  <customType name="codelist" class="com.ibi.omni.ids.types.IdsMultipleCodeType"/>
  <customType name="document" class="com.ibi.omni.ids.types.IdsDocumentType"/>
  <customType name="link" class="com.ibi.omni.ids.types.IdsLinkType"/>
  <customType name="omnilink" class="com.ibi.omni.ids.types.IdsLinkType"/>
  <customType name="integer" class="com.ibi.omni.ids.types.IdsIntegerType"/>
  <customType name="float" class="com.ibi.omni.ids.types.IdsFloatType"/>
  <customType name="long" class="com.ibi.omni.ids.types.IdsLongType"/>
  <customType name="sourcecode" class="com.ibi.omni.model.codes.SourceCode"/>
  <customType name="reference" class="com.ibi.omni.ids.types.IdsCodeType"/>
  <customType name="number" class="com.ibi.omni.ids.types.IdsNumberType"/>
  <customType name="datetime" class="com.ibi.omni.ids.types.IdsDateTimeType"/>
  <customType name="clob" class="com.ibi.omni.ids.types.IdsClobType"/>
  <customType name="omnidate" class="com.ibi.omni.ids.types.IdsDateType"/>
  <customType name="omnicode" class="com.ibi.omni.ids.types.IdsCodeType"/>
  <customType name="identifier" class="com.ibi.omni.ids.types.IdsLinkType"/>
  <customType name="masteromnicode" class="com.ibi.omni.ids.types.IdsMasterCodeType"/>
  <customType name="omnidatetime" class="com.ibi.omni.ids.types.IdsDateTimeType"/>
  <customType name="double" class="com.ibi.omni.ids.types.IdsDoubleType"/>
  <customType name="boolean" class="com.ibi.omni.ids.types.IdsBooleanType"/>
  <customType name="inherited" class="com.ibi.omni.ids.types.IdsStringType"/>
  <customType name="time" class="com.ibi.omni.ids.types.IdsTimeType"/>
  <customType name="masteromnilink" class="com.ibi.omni.ids.types.IdsMasterLinkType"/>
  <customType name="varlink" class="com.ibi.omni.ids.types.IdsVarLinkType"/>
  <element name="OmniStatus" type="string" hidden="true" cleanse="true" match="true" merge="true">
    <documentation>Use this element to set the status of this record. This field will default to 'ACTIVE' if not supplied. Possible values are: 'ACTIVE', 'INACTIVE', 'MERGED', 'LINKED', 'UNLINK'</documentation>
  </element>
  <element name="OmniStatusReason" type="string" hidden="true" cleanse="true" match="true" merge="true">
    <documentation>Use to specify the reason for the status.</documentation>
  </element>
  <element name="SourceName" type="string" key="true" cleanse="true" match="true" merge="true">
    <documentation>This element must identify the source system that was responsible for generating this data. This value is determined by the integration team and used in combination with SourceInstanceId will allow this record to be traced back to its originating source.</documentation>
  </element>
  <element name="SourceInstanceId" type="string" key="true" cleanse="true" match="true" merge="true">
    <documentation>This element should contain an integration manufactured value that uniquely identifies the collection element and can be used to map back to the source system. Whatever value is manufactured must not change over time as it will be used to make updates when data changes in the source system.</documentation>
  </element>
  <element name="SourceInstanceIdName" type="string" hidden="false" cleanse="true" match="true" merge="true">
    <documentation>This element gives an indication of where the data came from in the source system. Will be used in the 360 viewer for stewards to trace data from Omni back into the source system.</documentation>
  </element>
  <element name="MasterId" type="string" hidden="true" cleanse="false" match="true" merge="true">
    <documentation>Master id for master instance relationship.</documentation>
  </element>
  <element name="CampusCode" type="string" cleanse="true" match="true" merge="true">
    <documentation>Campus code associated with Student</documentation>
    <shortDescription>Campus code associated with Student</shortDescription>
  </element>
  <element name="StudentIdentifier" type="string" cleanse="true" match="true" merge="true">
    <documentation>The unique source system identifier that represents a Person</documentation>
    <shortDescription>The unique source system identifier that represents a Person</shortDescription>
  </element>
  <element name="FullName" type="string" cleanse="true" match="true" merge="true">
    <documentation>The full name of person</documentation>
    <shortDescription>The full name of person</shortDescription>
  </element>
  <element name="FirstName" type="string" cleanse="true" match="true" merge="true">
    <documentation>The first name of the person</documentation>
    <shortDescription>The first name of the person</shortDescription>
  </element>
  <element name="MiddleName" type="string" cleanse="true" match="true" merge="true">
    <documentation>The middle name or initial of person</documentation>
    <shortDescription>The middle name or initial of person</shortDescription>
  </element>
  <element name="LastName" type="string" cleanse="true" match="true" merge="true">
    <documentation>The last name of person</documentation>
    <shortDescription>The last name of person</shortDescription>
  </element>
  <element name="PrefixName" type="string" cleanse="true" match="true" merge="true">
    <documentation>Prefix in the insured name containing social titles, academic titles</documentation>
    <shortDescription>Prefix in the insured name containing social titles, academic titles</shortDescription>
  </element>
  <element name="SuffixName" type="string" cleanse="true" match="true" merge="true">
    <documentation>Suffix in the insured name containing name generations etc</documentation>
    <shortDescription>Suffix in the insured name containing name generations etc</shortDescription>
  </element>
  <element name="BirthDate" type="date" cleanse="true" match="true" merge="true">
    <documentation>Date of Birth of the Person</documentation>
    <shortDescription>Date of Birth of the Person</shortDescription>
  </element>
  <element name="DeceasedDate" type="date" cleanse="true" match="true" merge="true">
    <documentation>Deceased Date of the Person</documentation>
    <shortDescription>Deceased Date of the Person</shortDescription>
  </element>
  <element name="Email" type="string" cleanse="true" match="true" merge="true">
    <documentation>The email address of the Person</documentation>
    <shortDescription>The email address of the Person</shortDescription>
  </element>
  <element name="Phone" type="string" cleanse="true" match="true" merge="true">
    <documentation>Phone number of the Person</documentation>
    <shortDescription>Phone number of the Person</shortDescription>
  </element>
  <element name="GUID" type="string" cleanse="true" match="true" merge="true">
    <documentation>Hash ID created on SSN</documentation>
    <shortDescription>Hash ID created on SSN</shortDescription>
  </element>
  <element name="EffectiveDate" type="string" cleanse="true" match="true" merge="true">
    <documentation>Effective date of the Student Record</documentation>
    <shortDescription>Effective date of the Student Record</shortDescription>
  </element>
  <element name="ExpirationDate" type="string" cleanse="true" match="true" merge="true">
    <documentation>Expiration date of the Student Record</documentation>
    <shortDescription>Expiration date of the Student Record</shortDescription>
  </element>
  <element name="Person" type="omnilink" contains="Person" cleanse="true" match="true" merge="true">
    <documentation>Person Id Linkage</documentation>
    <shortDescription>Person Id Linkage</shortDescription>
  </element>
  <list name="AddressOmniCollection" udlName="addressOmniCollection" hidden="false">
    <documentation></documentation>
    <idsDocument name="StudentAddress" type="instance_child" elementOrder="OmniStatus,OmniStatusReason,SourceName,SourceInstanceId,SourceInstanceIdName,PrimaryIndicator,AddressType,OrganizationName,AttnToContact,StreetAddress1,StreetAddress2,StreetAddress3,City,PostalCodeFull,PostalCodeBase,StateProvinceName,CountyName,CountryName,RegionName,TimeZone,Latitude,Longitude,GeoDistance,AVC,EffectiveDate,ExpirationDate,SourceStatusCode,SourceCreatedDate,SourceCreatedBy,SourceModifiedDate, SourceModifiedBy" captureHistory="false" modelName="Address">
      <documentation>The addresses related to a student.</documentation>
      <longDocumentation/>
      <customType name="date" class="com.ibi.omni.ids.types.IdsDateType"/>
      <customType name="code" class="com.ibi.omni.ids.types.IdsCodeType"/>
      <customType name="string" class="com.ibi.omni.ids.types.IdsStringType"/>
      <customType name="codelist" class="com.ibi.omni.ids.types.IdsMultipleCodeType"/>
      <customType name="document" class="com.ibi.omni.ids.types.IdsDocumentType"/>
      <customType name="link" class="com.ibi.omni.ids.types.IdsLinkType"/>
      <customType name="omnilink" class="com.ibi.omni.ids.types.IdsLinkType"/>
      <customType name="integer" class="com.ibi.omni.ids.types.IdsIntegerType"/>
      <customType name="float" class="com.ibi.omni.ids.types.IdsFloatType"/>
      <customType name="long" class="com.ibi.omni.ids.types.IdsLongType"/>
      <customType name="sourcecode" class="com.ibi.omni.model.codes.SourceCode"/>
      <customType name="reference" class="com.ibi.omni.ids.types.IdsCodeType"/>
      <customType name="number" class="com.ibi.omni.ids.types.IdsNumberType"/>
      <customType name="datetime" class="com.ibi.omni.ids.types.IdsDateTimeType"/>
      <customType name="clob" class="com.ibi.omni.ids.types.IdsClobType"/>
      <customType name="omnidate" class="com.ibi.omni.ids.types.IdsDateType"/>
      <customType name="omnicode" class="com.ibi.omni.ids.types.IdsCodeType"/>
      <customType name="identifier" class="com.ibi.omni.ids.types.IdsLinkType"/>
      <customType name="masteromnicode" class="com.ibi.omni.ids.types.IdsMasterCodeType"/>
      <customType name="omnidatetime" class="com.ibi.omni.ids.types.IdsDateTimeType"/>
      <customType name="double" class="com.ibi.omni.ids.types.IdsDoubleType"/>
      <customType name="boolean" class="com.ibi.omni.ids.types.IdsBooleanType"/>
      <customType name="inherited" class="com.ibi.omni.ids.types.IdsStringType"/>
      <customType name="time" class="com.ibi.omni.ids.types.IdsTimeType"/>
      <customType name="masteromnilink" class="com.ibi.omni.ids.types.IdsMasterLinkType"/>
      <customType name="varlink" class="com.ibi.omni.ids.types.IdsVarLinkType"/>
      <element name="OmniStatus" type="string" hidden="true" cleanse="true" match="true" merge="true">
        <documentation>Use this element to set the status of this record. This field will default to 'ACTIVE' if not supplied. Possible values are: 'ACTIVE', 'INACTIVE', 'MERGED', 'LINKED', 'UNLINK'</documentation>
      </element>
      <element name="OmniStatusReason" type="string" hidden="true" cleanse="true" match="true" merge="true">
        <documentation>Use to specify the reason for the status.</documentation>
      </element>
      <element name="SourceName" type="string" key="true" cleanse="true" match="true" merge="true">
        <documentation>This element must identify the source system that was responsible for generating this data. This value is determined by the integration team and used in combination with SourceInstanceId will allow this record to be traced back to its originating source.</documentation>
      </element>
      <element name="SourceInstanceId" type="string" key="true" cleanse="true" match="true" merge="true">
        <documentation>This element should contain an integration manufactured value that uniquely identifies the collection element and can be used to map back to the source system. Whatever value is manufactured must not change over time as it will be used to make updates when data changes in the source system.</documentation>
      </element>
      <element name="SourceInstanceIdName" type="string" hidden="false" cleanse="true" match="true" merge="true">
        <documentation>This element gives an indication of where the data came from in the source system. Will be used in the 360 viewer for stewards to trace data from Omni back into the source system.</documentation>
      </element>
      <element name="PrimaryIndicator" type="boolean" cleanse="true" match="true" merge="true">
        <documentation>A Y/N indicator identiying the primary address for the customer</documentation>
        <shortDescription>A Y/N indicator identiying the primary address for the customer</shortDescription>
      </element>
      <element name="AddressType" type="code" cleanse="true" match="true" merge="true">
        <documentation>This field identifies the primary use for an address such as ship to, bill to or sold to.</documentation>
        <shortDescription>This field identifies the primary use for an address such as ship to, bill to or sold to.</shortDescription>
      </element>
      <element name="OrganizationName" type="string" cleanse="true" match="true" merge="true">
        <documentation>Organization Name in an Address</documentation>
        <shortDescription>Organization Name in an Address</shortDescription>
      </element>
      <element name="AttnToContact" type="string" cleanse="true" match="true" merge="true">
        <documentation>The contact name to include in the Attention To portion of the address.</documentation>
        <shortDescription>The contact name to include in the Attention To portion of the address.</shortDescription>
      </element>
      <element name="StreetAddress1" type="string" cleanse="true" match="true" merge="true">
        <documentation>The first line of the street/house/building/parcel portion of an address.</documentation>
        <shortDescription>The first line of the street/house/building/parcel portion of an address.</shortDescription>
      </element>
      <element name="StreetAddress2" type="string" cleanse="true" match="true" merge="true">
        <documentation>The second line of the street/house/building/parcel portion of an address.</documentation>
        <shortDescription>The second line of the street/house/building/parcel portion of an address.</shortDescription>
      </element>
      <element name="StreetAddress3" type="string" cleanse="true" match="true" merge="true">
        <documentation>The third line of the street/house/building/parcel portion of an address.</documentation>
        <shortDescription>The third line of the street/house/building/parcel portion of an address.</shortDescription>
      </element>
      <element name="City" type="string" cleanse="true" match="true" merge="true">
        <documentation>The city portion of an address.</documentation>
        <shortDescription>The city portion of an address.</shortDescription>
      </element>
      <element name="PostalCodeFull" type="string" cleanse="true" match="true" merge="true">
        <documentation>The fully extended postal zip code including any suffixes</documentation>
        <shortDescription>The fully extended postal zip code including any suffixes</shortDescription>
      </element>
      <element name="PostalCodeBase" type="string" cleanse="true" match="true" merge="true">
        <documentation>The base portion of a postal zip code.</documentation>
        <shortDescription>The base portion of a postal zip code.</shortDescription>
      </element>
      <element name="StateProvinceName" type="string" cleanse="true" match="true" merge="true">
        <documentation>The name of a state or province in a country.</documentation>
        <shortDescription>The name of a state or province in a country.</shortDescription>
      </element>
      <element name="CountyName" type="string" cleanse="true" match="true" merge="true">
        <documentation>The name of a county in a state.</documentation>
        <shortDescription>The name of a county in a state.</shortDescription>
      </element>
      <element name="CountryName" type="string" cleanse="true" match="true" merge="true">
        <documentation>The name of a country</documentation>
        <shortDescription>The name of a country</shortDescription>
      </element>
      <element name="RegionName" type="string" cleanse="true" match="true" merge="true">
        <documentation>The name of a geographic region that varying zip codes or postal codes can be grouped into</documentation>
        <shortDescription>The name of a geographic region that varying zip codes or postal codes can be grouped into</shortDescription>
      </element>
      <element name="TimeZone" type="string" cleanse="true" match="true" merge="true">
        <documentation>The time zone in which the address is located.</documentation>
        <shortDescription>The time zone in which the address is located.</shortDescription>
      </element>
      <element name="Latitude" type="double" precision="10" scale="7" cleanse="true" match="true" merge="true">
        <documentation>The geospatial latitude for an address.</documentation>
        <shortDescription>The geospatial latitude for an address.</shortDescription>
      </element>
      <element name="Longitude" type="double" precision="10" scale="7" cleanse="true" match="true" merge="true">
        <documentation>The geospatial longitude for an address.</documentation>
        <shortDescription>The geospatial longitude for an address.</shortDescription>
      </element>
      <element name="GeoDistance" type="double" precision="10" scale="2" cleanse="true" match="true" merge="true">
        <documentation>This field holds the radius of accuracy in meters, giving an indication of the likely maximum distance between the given geocode and the physical location</documentation>
        <shortDescription>Radius of accuracy of the address</shortDescription>
      </element>
      <element name="AVC" type="string" cleanse="true" match="true" merge="true">
        <documentation>Address Verification Code</documentation>
        <shortDescription>Address Verification Code</shortDescription>
      </element>
      <element name="EffectiveDate" type="datetime" cleanse="true" match="true" merge="true">
        <documentation>The source system effective date for the data in the record.</documentation>
        <shortDescription>The source system effective date for the data in the record.</shortDescription>
      </element>
      <element name="ExpirationDate" type="datetime" cleanse="true" match="true" merge="true">
        <documentation>The source system expiration date for the data in the record.</documentation>
        <shortDescription>The source system expiration date for the data in the record.</shortDescription>
      </element>
      <element name="SourceStatusCode" type="code" cleanse="true" match="true" merge="true">
        <documentation>Use this element to specify a customer specific status for the instance. This may be used during the match and merge process.</documentation>
      </element>
      <element name="SourceCreatedDate" type="datetime" cleanse="true" match="true" merge="true">
        <documentation>Use this element to define when this element was modified outside of Omni.</documentation>
      </element>
      <element name="SourceCreatedBy" type="string" cleanse="true" match="true" merge="true">
        <documentation>Use this element to define the id of the person who was responsible for creating data for this record.</documentation>
      </element>
      <element name="SourceModifiedDate" type="datetime" cleanse="true" match="true" merge="true">
        <documentation>Use this element to define when this element was modified outside of Omni.</documentation>
      </element>
      <element name="SourceModifiedBy" type="string" cleanse="true" match="true" merge="true">
        <documentation>Use this element to define the id of the person who was responsible for modifying data for this record.</documentation>
      </element>
    </idsDocument>
  </list>
  <list name="IdentificationOmniCollection" udlName="identificationOmniCollection" hidden="false">
    <documentation></documentation>
    <idsDocument name="StudentIdentification" type="instance_child" elementOrder="OmniStatus,OmniStatusReason,SourceName,SourceInstanceId,SourceInstanceIdName,IDType,IDNumber,IssuingAuthorityName,EffectiveDate,ExpirationDate,SourceStatusCode,SourceCreatedDate,SourceCreatedBy,SourceModifiedDate, SourceModifiedBy" captureHistory="false" modelName="Identification">
      <documentation>The identification related to a student.</documentation>
      <longDocumentation/>
      <customType name="date" class="com.ibi.omni.ids.types.IdsDateType"/>
      <customType name="code" class="com.ibi.omni.ids.types.IdsCodeType"/>
      <customType name="string" class="com.ibi.omni.ids.types.IdsStringType"/>
      <customType name="codelist" class="com.ibi.omni.ids.types.IdsMultipleCodeType"/>
      <customType name="document" class="com.ibi.omni.ids.types.IdsDocumentType"/>
      <customType name="link" class="com.ibi.omni.ids.types.IdsLinkType"/>
      <customType name="omnilink" class="com.ibi.omni.ids.types.IdsLinkType"/>
      <customType name="integer" class="com.ibi.omni.ids.types.IdsIntegerType"/>
      <customType name="float" class="com.ibi.omni.ids.types.IdsFloatType"/>
      <customType name="long" class="com.ibi.omni.ids.types.IdsLongType"/>
      <customType name="sourcecode" class="com.ibi.omni.model.codes.SourceCode"/>
      <customType name="reference" class="com.ibi.omni.ids.types.IdsCodeType"/>
      <customType name="number" class="com.ibi.omni.ids.types.IdsNumberType"/>
      <customType name="datetime" class="com.ibi.omni.ids.types.IdsDateTimeType"/>
      <customType name="clob" class="com.ibi.omni.ids.types.IdsClobType"/>
      <customType name="omnidate" class="com.ibi.omni.ids.types.IdsDateType"/>
      <customType name="omnicode" class="com.ibi.omni.ids.types.IdsCodeType"/>
      <customType name="identifier" class="com.ibi.omni.ids.types.IdsLinkType"/>
      <customType name="masteromnicode" class="com.ibi.omni.ids.types.IdsMasterCodeType"/>
      <customType name="omnidatetime" class="com.ibi.omni.ids.types.IdsDateTimeType"/>
      <customType name="double" class="com.ibi.omni.ids.types.IdsDoubleType"/>
      <customType name="boolean" class="com.ibi.omni.ids.types.IdsBooleanType"/>
      <customType name="inherited" class="com.ibi.omni.ids.types.IdsStringType"/>
      <customType name="time" class="com.ibi.omni.ids.types.IdsTimeType"/>
      <customType name="masteromnilink" class="com.ibi.omni.ids.types.IdsMasterLinkType"/>
      <customType name="varlink" class="com.ibi.omni.ids.types.IdsVarLinkType"/>
      <element name="OmniStatus" type="string" hidden="true" cleanse="true" match="true" merge="true">
        <documentation>Use this element to set the status of this record. This field will default to 'ACTIVE' if not supplied. Possible values are: 'ACTIVE', 'INACTIVE', 'MERGED', 'LINKED', 'UNLINK'</documentation>
      </element>
      <element name="OmniStatusReason" type="string" hidden="true" cleanse="true" match="true" merge="true">
        <documentation>Use to specify the reason for the status.</documentation>
      </element>
      <element name="SourceName" type="string" key="true" cleanse="true" match="true" merge="true">
        <documentation>This element must identify the source system that was responsible for generating this data. This value is determined by the integration team and used in combination with SourceInstanceId will allow this record to be traced back to its originating source.</documentation>
      </element>
      <element name="SourceInstanceId" type="string" key="true" cleanse="true" match="true" merge="true">
        <documentation>This element should contain an integration manufactured value that uniquely identifies the collection element and can be used to map back to the source system. Whatever value is manufactured must not change over time as it will be used to make updates when data changes in the source system.</documentation>
      </element>
      <element name="SourceInstanceIdName" type="string" hidden="false" cleanse="true" match="true" merge="true">
        <documentation>This element gives an indication of where the data came from in the source system. Will be used in the 360 viewer for stewards to trace data from Omni back into the source system.</documentation>
      </element>
      <element name="IDType" type="code" cleanse="true" match="true" merge="true">
        <documentation>Identification type - DL_Passport_BirthCertificate, SSN</documentation>
        <shortDescription>Identification type - DL_Passport_BirthCertificate, SSN</shortDescription>
      </element>
      <element name="IDNumber" type="string" cleanse="true" match="true" merge="true">
        <documentation>The identifier value</documentation>
        <shortDescription>The identifier value</shortDescription>
      </element>
      <element name="IssuingAuthorityName" type="string" cleanse="true" match="true" merge="true">
        <documentation>Name of the issuing authority</documentation>
        <shortDescription>Name of the issuing authority</shortDescription>
      </element>
      <element name="EffectiveDate" type="datetime" cleanse="true" match="true" merge="true">
        <documentation>Effective date of the identifier</documentation>
        <shortDescription>Effective date of the identifier</shortDescription>
      </element>
      <element name="ExpirationDate" type="datetime" cleanse="true" match="true" merge="true">
        <documentation>Expiration date of the identifier</documentation>
        <shortDescription>Expiration date of the identifier</shortDescription>
      </element>
      <element name="SourceStatusCode" type="code" cleanse="true" match="true" merge="true">
        <documentation>Use this element to specify a customer specific status for the instance. This may be used during the match and merge process.</documentation>
      </element>
      <element name="SourceCreatedDate" type="datetime" cleanse="true" match="true" merge="true">
        <documentation>Use this element to define when this element was modified outside of Omni.</documentation>
      </element>
      <element name="SourceCreatedBy" type="string" cleanse="true" match="true" merge="true">
        <documentation>Use this element to define the id of the person who was responsible for creating data for this record.</documentation>
      </element>
      <element name="SourceModifiedDate" type="datetime" cleanse="true" match="true" merge="true">
        <documentation>Use this element to define when this element was modified outside of Omni.</documentation>
      </element>
      <element name="SourceModifiedBy" type="string" cleanse="true" match="true" merge="true">
        <documentation>Use this element to define the id of the person who was responsible for modifying data for this record.</documentation>
      </element>
    </idsDocument>
  </list>
  <list name="DemographicsOmniCollection" udlName="demographicsOmniCollection" hidden="false">
    <documentation></documentation>
    <idsDocument name="StudentDemographics" type="instance_child" elementOrder="OmniStatus,OmniStatusReason,SourceName,SourceInstanceId,SourceInstanceIdName,CurrentIndicator,Type,EffectiveDate,ExpirationDate,Text,Value,Code,SourceStatusCode,SourceCreatedDate,SourceCreatedBy,SourceModifiedDate, SourceModifiedBy" captureHistory="false" modelName="Demographics">
      <documentation>The demographics related to a student.</documentation>
      <longDocumentation/>
      <customType name="date" class="com.ibi.omni.ids.types.IdsDateType"/>
      <customType name="code" class="com.ibi.omni.ids.types.IdsCodeType"/>
      <customType name="string" class="com.ibi.omni.ids.types.IdsStringType"/>
      <customType name="codelist" class="com.ibi.omni.ids.types.IdsMultipleCodeType"/>
      <customType name="document" class="com.ibi.omni.ids.types.IdsDocumentType"/>
      <customType name="link" class="com.ibi.omni.ids.types.IdsLinkType"/>
      <customType name="omnilink" class="com.ibi.omni.ids.types.IdsLinkType"/>
      <customType name="integer" class="com.ibi.omni.ids.types.IdsIntegerType"/>
      <customType name="float" class="com.ibi.omni.ids.types.IdsFloatType"/>
      <customType name="long" class="com.ibi.omni.ids.types.IdsLongType"/>
      <customType name="sourcecode" class="com.ibi.omni.model.codes.SourceCode"/>
      <customType name="reference" class="com.ibi.omni.ids.types.IdsCodeType"/>
      <customType name="number" class="com.ibi.omni.ids.types.IdsNumberType"/>
      <customType name="datetime" class="com.ibi.omni.ids.types.IdsDateTimeType"/>
      <customType name="clob" class="com.ibi.omni.ids.types.IdsClobType"/>
      <customType name="omnidate" class="com.ibi.omni.ids.types.IdsDateType"/>
      <customType name="omnicode" class="com.ibi.omni.ids.types.IdsCodeType"/>
      <customType name="identifier" class="com.ibi.omni.ids.types.IdsLinkType"/>
      <customType name="masteromnicode" class="com.ibi.omni.ids.types.IdsMasterCodeType"/>
      <customType name="omnidatetime" class="com.ibi.omni.ids.types.IdsDateTimeType"/>
      <customType name="double" class="com.ibi.omni.ids.types.IdsDoubleType"/>
      <customType name="boolean" class="com.ibi.omni.ids.types.IdsBooleanType"/>
      <customType name="inherited" class="com.ibi.omni.ids.types.IdsStringType"/>
      <customType name="time" class="com.ibi.omni.ids.types.IdsTimeType"/>
      <customType name="masteromnilink" class="com.ibi.omni.ids.types.IdsMasterLinkType"/>
      <customType name="varlink" class="com.ibi.omni.ids.types.IdsVarLinkType"/>
      <element name="OmniStatus" type="string" hidden="true" cleanse="true" match="true" merge="true">
        <documentation>Use this element to set the status of this record. This field will default to 'ACTIVE' if not supplied. Possible values are: 'ACTIVE', 'INACTIVE', 'MERGED', 'LINKED', 'UNLINK'</documentation>
      </element>
      <element name="OmniStatusReason" type="string" hidden="true" cleanse="true" match="true" merge="true">
        <documentation>Use to specify the reason for the status.</documentation>
      </element>
      <element name="SourceName" type="string" key="true" cleanse="true" match="true" merge="true">
        <documentation>This element must identify the source system that was responsible for generating this data. This value is determined by the integration team and used in combination with SourceInstanceId will allow this record to be traced back to its originating source.</documentation>
      </element>
      <element name="SourceInstanceId" type="string" key="true" cleanse="true" match="true" merge="true">
        <documentation>This element should contain an integration manufactured value that uniquely identifies the collection element and can be used to map back to the source system. Whatever value is manufactured must not change over time as it will be used to make updates when data changes in the source system.</documentation>
      </element>
      <element name="SourceInstanceIdName" type="string" hidden="false" cleanse="true" match="true" merge="true">
        <documentation>This element gives an indication of where the data came from in the source system. Will be used in the 360 viewer for stewards to trace data from Omni back into the source system.</documentation>
      </element>
      <element name="CurrentIndicator" type="boolean" cleanse="true" match="true" merge="true">
        <documentation>A Y/N indicator identifying whether the customer demographic is currently in effect.</documentation>
        <shortDescription>A Y/N indicator identifying whether the customer demographic is currently in effect.</shortDescription>
      </element>
      <element name="Type" type="code" cleanse="true" match="true" merge="true">
        <documentation>A code representing the type of the recorded demographic</documentation>
        <shortDescription>A code representing the type of the recorded demographic</shortDescription>
      </element>
      <element name="EffectiveDate" type="datetime" cleanse="true" match="true" merge="true">
        <documentation>The effective date for a set of insured demographics.</documentation>
        <shortDescription>The effective date for a set of insured demographics.</shortDescription>
      </element>
      <element name="ExpirationDate" type="datetime" cleanse="true" match="true" merge="true">
        <documentation>The expiration date for a set of insured demographics.</documentation>
        <shortDescription>The expiration date for a set of insured demographics.</shortDescription>
      </element>
      <element name="Text" type="string" cleanse="true" match="true" merge="true">
        <documentation>A text value of the demographic</documentation>
        <shortDescription>A text value of the demographic</shortDescription>
      </element>
      <element name="Value" type="double" cleanse="true" match="true" merge="true">
        <documentation>A numeric value of the demographic</documentation>
        <shortDescription>A numeric value of the demographic</shortDescription>
      </element>
      <element name="Code" type="code" cleanse="true" match="true" merge="true">
        <documentation>A coded value of the demographic</documentation>
        <shortDescription>A coded value of the demographic</shortDescription>
      </element>
      <element name="SourceStatusCode" type="code" cleanse="true" match="true" merge="true">
        <documentation>Use this element to specify a customer specific status for the instance. This may be used during the match and merge process.</documentation>
      </element>
      <element name="SourceCreatedDate" type="datetime" cleanse="true" match="true" merge="true">
        <documentation>Use this element to define when this element was modified outside of Omni.</documentation>
      </element>
      <element name="SourceCreatedBy" type="string" cleanse="true" match="true" merge="true">
        <documentation>Use this element to define the id of the person who was responsible for creating data for this record.</documentation>
      </element>
      <element name="SourceModifiedDate" type="datetime" cleanse="true" match="true" merge="true">
        <documentation>Use this element to define when this element was modified outside of Omni.</documentation>
      </element>
      <element name="SourceModifiedBy" type="string" cleanse="true" match="true" merge="true">
        <documentation>Use this element to define the id of the person who was responsible for modifying data for this record.</documentation>
      </element>
    </idsDocument>
  </list>
  <list name="NameOmniCollection" udlName="nameOmniCollection" hidden="false">
    <documentation></documentation>
    <idsDocument name="StudentName" type="instance_child" elementOrder="OmniStatus,OmniStatusReason,SourceName,SourceInstanceId,SourceInstanceIdName,Type,FullName,NamePrefix,NameSuffix,FirstName,LastName,MiddleName,PreferedFirstName,EffectiveDate,ExpirationDate,SourceStatusCode,SourceCreatedDate,SourceCreatedBy,SourceModifiedDate, SourceModifiedBy" captureHistory="false" modelName="Name">
      <documentation/>
      <longDocumentation/>
      <customType name="date" class="com.ibi.omni.ids.types.IdsDateType"/>
      <customType name="code" class="com.ibi.omni.ids.types.IdsCodeType"/>
      <customType name="string" class="com.ibi.omni.ids.types.IdsStringType"/>
      <customType name="codelist" class="com.ibi.omni.ids.types.IdsMultipleCodeType"/>
      <customType name="document" class="com.ibi.omni.ids.types.IdsDocumentType"/>
      <customType name="link" class="com.ibi.omni.ids.types.IdsLinkType"/>
      <customType name="omnilink" class="com.ibi.omni.ids.types.IdsLinkType"/>
      <customType name="integer" class="com.ibi.omni.ids.types.IdsIntegerType"/>
      <customType name="float" class="com.ibi.omni.ids.types.IdsFloatType"/>
      <customType name="long" class="com.ibi.omni.ids.types.IdsLongType"/>
      <customType name="sourcecode" class="com.ibi.omni.model.codes.SourceCode"/>
      <customType name="reference" class="com.ibi.omni.ids.types.IdsCodeType"/>
      <customType name="number" class="com.ibi.omni.ids.types.IdsNumberType"/>
      <customType name="datetime" class="com.ibi.omni.ids.types.IdsDateTimeType"/>
      <customType name="clob" class="com.ibi.omni.ids.types.IdsClobType"/>
      <customType name="omnidate" class="com.ibi.omni.ids.types.IdsDateType"/>
      <customType name="omnicode" class="com.ibi.omni.ids.types.IdsCodeType"/>
      <customType name="identifier" class="com.ibi.omni.ids.types.IdsLinkType"/>
      <customType name="masteromnicode" class="com.ibi.omni.ids.types.IdsMasterCodeType"/>
      <customType name="omnidatetime" class="com.ibi.omni.ids.types.IdsDateTimeType"/>
      <customType name="double" class="com.ibi.omni.ids.types.IdsDoubleType"/>
      <customType name="boolean" class="com.ibi.omni.ids.types.IdsBooleanType"/>
      <customType name="inherited" class="com.ibi.omni.ids.types.IdsStringType"/>
      <customType name="time" class="com.ibi.omni.ids.types.IdsTimeType"/>
      <customType name="masteromnilink" class="com.ibi.omni.ids.types.IdsMasterLinkType"/>
      <customType name="varlink" class="com.ibi.omni.ids.types.IdsVarLinkType"/>
      <element name="OmniStatus" type="string" hidden="true" cleanse="true" match="true" merge="true">
        <documentation>Use this element to set the status of this record. This field will default to 'ACTIVE' if not supplied. Possible values are: 'ACTIVE', 'INACTIVE', 'MERGED', 'LINKED', 'UNLINK'</documentation>
      </element>
      <element name="OmniStatusReason" type="string" hidden="true" cleanse="true" match="true" merge="true">
        <documentation>Use to specify the reason for the status.</documentation>
      </element>
      <element name="SourceName" type="string" key="true" cleanse="true" match="true" merge="true">
        <documentation>This element must identify the source system that was responsible for generating this data. This value is determined by the integration team and used in combination with SourceInstanceId will allow this record to be traced back to its originating source.</documentation>
      </element>
      <element name="SourceInstanceId" type="string" key="true" cleanse="true" match="true" merge="true">
        <documentation>This element should contain an integration manufactured value that uniquely identifies the collection element and can be used to map back to the source system. Whatever value is manufactured must not change over time as it will be used to make updates when data changes in the source system.</documentation>
      </element>
      <element name="SourceInstanceIdName" type="string" hidden="false" cleanse="true" match="true" merge="true">
        <documentation>This element gives an indication of where the data came from in the source system. Will be used in the 360 viewer for stewards to trace data from Omni back into the source system.</documentation>
      </element>
      <element name="Type" type="code" cleanse="true" match="true" merge="true">
        <documentation></documentation>
      </element>
      <element name="FullName" type="string" cleanse="true" match="true" merge="true">
        <documentation>The full name of person</documentation>
        <shortDescription>The full name of person</shortDescription>
      </element>
      <element name="NamePrefix" type="string" cleanse="true" match="true" merge="true">
        <documentation>Prefix in the Person name containing social titles, academic titles</documentation>
        <shortDescription>Prefix in the Person name containing social titles, academic titles</shortDescription>
      </element>
      <element name="NameSuffix" type="string" cleanse="true" match="true" merge="true">
        <documentation>Suffix in the Person name containing name generations etc</documentation>
        <shortDescription>Suffix in the Person name containing name generations etc</shortDescription>
      </element>
      <element name="FirstName" type="string" cleanse="true" match="true" merge="true">
        <documentation>The first name of the person</documentation>
        <shortDescription>The first name of the person</shortDescription>
      </element>
      <element name="LastName" type="string" cleanse="true" match="true" merge="true">
        <documentation>The last name of person</documentation>
        <shortDescription>The last name of person</shortDescription>
      </element>
      <element name="MiddleName" type="string" cleanse="true" match="true" merge="true">
        <documentation>The middle name or initial of person</documentation>
        <shortDescription>The middle name or initial of person</shortDescription>
      </element>
      <element name="PreferedFirstName" type="string" cleanse="true" match="true" merge="true">
        <documentation>The Prefered first name of the person</documentation>
        <shortDescription>The Prefered first name of the person</shortDescription>
      </element>
      <element name="EffectiveDate" type="datetime" cleanse="true" match="true" merge="true">
        <documentation>Effective date of the name</documentation>
        <shortDescription>Effective date of the name</shortDescription>
      </element>
      <element name="ExpirationDate" type="datetime" cleanse="true" match="true" merge="true">
        <documentation>Expiration date of the name</documentation>
        <shortDescription>Expiration date of the name</shortDescription>
      </element>
      <element name="SourceStatusCode" type="code" cleanse="true" match="true" merge="true">
        <documentation>Use this element to specify a customer specific status for the instance. This may be used during the match and merge process.</documentation>
      </element>
      <element name="SourceCreatedDate" type="datetime" cleanse="true" match="true" merge="true">
        <documentation>Use this element to define when this element was modified outside of Omni.</documentation>
      </element>
      <element name="SourceCreatedBy" type="string" cleanse="true" match="true" merge="true">
        <documentation>Use this element to define the id of the person who was responsible for creating data for this record.</documentation>
      </element>
      <element name="SourceModifiedDate" type="datetime" cleanse="true" match="true" merge="true">
        <documentation>Use this element to define when this element was modified outside of Omni.</documentation>
      </element>
      <element name="SourceModifiedBy" type="string" cleanse="true" match="true" merge="true">
        <documentation>Use this element to define the id of the person who was responsible for modifying data for this record.</documentation>
      </element>
    </idsDocument>
  </list>
  <list name="EmailOmniCollection" udlName="emailOmniCollection" hidden="false">
    <documentation></documentation>
    <idsDocument name="StudentEmail" type="instance_child" elementOrder="OmniStatus,OmniStatusReason,SourceName,SourceInstanceId,SourceInstanceIdName,PrimaryIndicator,ActiveIndicator,PreferedEmailFlag,EmailType,Email,CommStatus,EffectiveDate,ExpirationDate,SourceStatusCode,SourceCreatedDate,SourceCreatedBy,SourceModifiedDate, SourceModifiedBy" captureHistory="false" modelName="Email">
      <documentation>The email related to a student or employee</documentation>
      <longDocumentation/>
      <customType name="date" class="com.ibi.omni.ids.types.IdsDateType"/>
      <customType name="code" class="com.ibi.omni.ids.types.IdsCodeType"/>
      <customType name="string" class="com.ibi.omni.ids.types.IdsStringType"/>
      <customType name="codelist" class="com.ibi.omni.ids.types.IdsMultipleCodeType"/>
      <customType name="document" class="com.ibi.omni.ids.types.IdsDocumentType"/>
      <customType name="link" class="com.ibi.omni.ids.types.IdsLinkType"/>
      <customType name="omnilink" class="com.ibi.omni.ids.types.IdsLinkType"/>
      <customType name="integer" class="com.ibi.omni.ids.types.IdsIntegerType"/>
      <customType name="float" class="com.ibi.omni.ids.types.IdsFloatType"/>
      <customType name="long" class="com.ibi.omni.ids.types.IdsLongType"/>
      <customType name="sourcecode" class="com.ibi.omni.model.codes.SourceCode"/>
      <customType name="reference" class="com.ibi.omni.ids.types.IdsCodeType"/>
      <customType name="number" class="com.ibi.omni.ids.types.IdsNumberType"/>
      <customType name="datetime" class="com.ibi.omni.ids.types.IdsDateTimeType"/>
      <customType name="clob" class="com.ibi.omni.ids.types.IdsClobType"/>
      <customType name="omnidate" class="com.ibi.omni.ids.types.IdsDateType"/>
      <customType name="omnicode" class="com.ibi.omni.ids.types.IdsCodeType"/>
      <customType name="identifier" class="com.ibi.omni.ids.types.IdsLinkType"/>
      <customType name="masteromnicode" class="com.ibi.omni.ids.types.IdsMasterCodeType"/>
      <customType name="omnidatetime" class="com.ibi.omni.ids.types.IdsDateTimeType"/>
      <customType name="double" class="com.ibi.omni.ids.types.IdsDoubleType"/>
      <customType name="boolean" class="com.ibi.omni.ids.types.IdsBooleanType"/>
      <customType name="inherited" class="com.ibi.omni.ids.types.IdsStringType"/>
      <customType name="time" class="com.ibi.omni.ids.types.IdsTimeType"/>
      <customType name="masteromnilink" class="com.ibi.omni.ids.types.IdsMasterLinkType"/>
      <customType name="varlink" class="com.ibi.omni.ids.types.IdsVarLinkType"/>
      <element name="OmniStatus" type="string" hidden="true" cleanse="true" match="true" merge="true">
        <documentation>Use this element to set the status of this record. This field will default to 'ACTIVE' if not supplied. Possible values are: 'ACTIVE', 'INACTIVE', 'MERGED', 'LINKED', 'UNLINK'</documentation>
      </element>
      <element name="OmniStatusReason" type="string" hidden="true" cleanse="true" match="true" merge="true">
        <documentation>Use to specify the reason for the status.</documentation>
      </element>
      <element name="SourceName" type="string" key="true" cleanse="true" match="true" merge="true">
        <documentation>This element must identify the source system that was responsible for generating this data. This value is determined by the integration team and used in combination with SourceInstanceId will allow this record to be traced back to its originating source.</documentation>
      </element>
      <element name="SourceInstanceId" type="string" key="true" cleanse="true" match="true" merge="true">
        <documentation>This element should contain an integration manufactured value that uniquely identifies the collection element and can be used to map back to the source system. Whatever value is manufactured must not change over time as it will be used to make updates when data changes in the source system.</documentation>
      </element>
      <element name="SourceInstanceIdName" type="string" hidden="false" cleanse="true" match="true" merge="true">
        <documentation>This element gives an indication of where the data came from in the source system. Will be used in the 360 viewer for stewards to trace data from Omni back into the source system.</documentation>
      </element>
      <element name="PrimaryIndicator" type="boolean" cleanse="true" match="true" merge="true">
        <documentation>A Y/N indicator as to whether this is the primary email</documentation>
        <shortDescription>A Y/N indicator as to whether this is the primary email</shortDescription>
      </element>
      <element name="ActiveIndicator" type="boolean" cleanse="true" match="true" merge="true">
        <documentation>A Y/N indicator identifying whether a email is active.</documentation>
        <shortDescription>A Y/N indicator identifying whether a email is active.</shortDescription>
      </element>
      <element name="PreferedEmailFlag" type="code" cleanse="true" match="true" merge="true">
        <documentation>Prefered Email Flag</documentation>
        <shortDescription>Prefered Email Flag</shortDescription>
      </element>
      <element name="EmailType" type="code" cleanse="true" match="true" merge="true">
        <documentation>The type of phone number such as home, mobile or business.</documentation>
        <shortDescription>The type of phone number such as home, mobile or business.</shortDescription>
      </element>
      <element name="Email" type="string" cleanse="true" match="true" merge="true">
        <documentation>Email</documentation>
        <shortDescription>Email</shortDescription>
      </element>
      <element name="CommStatus" type="code" cleanse="true" match="true" merge="true">
        <documentation>This is the status of the phone number such as unconfirmed, invalid, opt-in, opt-out or unsubscribe.</documentation>
        <shortDescription>This is the status of the phone number such as unconfirmed, invalid, opt-in, opt-out or unsubscribe.</shortDescription>
      </element>
      <element name="EffectiveDate" type="datetime" cleanse="true" match="true" merge="true">
        <documentation>Effective date of the email number</documentation>
        <shortDescription>Effective date of the email number</shortDescription>
      </element>
      <element name="ExpirationDate" type="datetime" cleanse="true" match="true" merge="true">
        <documentation>Expiration date of the email number</documentation>
        <shortDescription>Expiration date of the email number</shortDescription>
      </element>
      <element name="SourceStatusCode" type="code" cleanse="true" match="true" merge="true">
        <documentation>Use this element to specify a customer specific status for the instance. This may be used during the match and merge process.</documentation>
      </element>
      <element name="SourceCreatedDate" type="datetime" cleanse="true" match="true" merge="true">
        <documentation>Use this element to define when this element was modified outside of Omni.</documentation>
      </element>
      <element name="SourceCreatedBy" type="string" cleanse="true" match="true" merge="true">
        <documentation>Use this element to define the id of the person who was responsible for creating data for this record.</documentation>
      </element>
      <element name="SourceModifiedDate" type="datetime" cleanse="true" match="true" merge="true">
        <documentation>Use this element to define when this element was modified outside of Omni.</documentation>
      </element>
      <element name="SourceModifiedBy" type="string" cleanse="true" match="true" merge="true">
        <documentation>Use this element to define the id of the person who was responsible for modifying data for this record.</documentation>
      </element>
    </idsDocument>
  </list>
  <list name="PhoneOmniCollection" udlName="phoneOmniCollection" hidden="false">
    <documentation></documentation>
    <idsDocument name="StudentPhone" type="instance_child" elementOrder="OmniStatus,OmniStatusReason,SourceName,SourceInstanceId,SourceInstanceIdName,PrimaryIndicator,ActiveIndicator,PreferedPhoneFlag,PhoneType,PhoneFaxNumber,Extension,CommStatus,EffectiveDate,ExpirationDate,SourceStatusCode,SourceCreatedDate,SourceCreatedBy,SourceModifiedDate, SourceModifiedBy" captureHistory="false" modelName="Phone">
      <documentation>The phone numbers related to a customer.</documentation>
      <longDocumentation/>
      <customType name="date" class="com.ibi.omni.ids.types.IdsDateType"/>
      <customType name="code" class="com.ibi.omni.ids.types.IdsCodeType"/>
      <customType name="string" class="com.ibi.omni.ids.types.IdsStringType"/>
      <customType name="codelist" class="com.ibi.omni.ids.types.IdsMultipleCodeType"/>
      <customType name="document" class="com.ibi.omni.ids.types.IdsDocumentType"/>
      <customType name="link" class="com.ibi.omni.ids.types.IdsLinkType"/>
      <customType name="omnilink" class="com.ibi.omni.ids.types.IdsLinkType"/>
      <customType name="integer" class="com.ibi.omni.ids.types.IdsIntegerType"/>
      <customType name="float" class="com.ibi.omni.ids.types.IdsFloatType"/>
      <customType name="long" class="com.ibi.omni.ids.types.IdsLongType"/>
      <customType name="sourcecode" class="com.ibi.omni.model.codes.SourceCode"/>
      <customType name="reference" class="com.ibi.omni.ids.types.IdsCodeType"/>
      <customType name="number" class="com.ibi.omni.ids.types.IdsNumberType"/>
      <customType name="datetime" class="com.ibi.omni.ids.types.IdsDateTimeType"/>
      <customType name="clob" class="com.ibi.omni.ids.types.IdsClobType"/>
      <customType name="omnidate" class="com.ibi.omni.ids.types.IdsDateType"/>
      <customType name="omnicode" class="com.ibi.omni.ids.types.IdsCodeType"/>
      <customType name="identifier" class="com.ibi.omni.ids.types.IdsLinkType"/>
      <customType name="masteromnicode" class="com.ibi.omni.ids.types.IdsMasterCodeType"/>
      <customType name="omnidatetime" class="com.ibi.omni.ids.types.IdsDateTimeType"/>
      <customType name="double" class="com.ibi.omni.ids.types.IdsDoubleType"/>
      <customType name="boolean" class="com.ibi.omni.ids.types.IdsBooleanType"/>
      <customType name="inherited" class="com.ibi.omni.ids.types.IdsStringType"/>
      <customType name="time" class="com.ibi.omni.ids.types.IdsTimeType"/>
      <customType name="masteromnilink" class="com.ibi.omni.ids.types.IdsMasterLinkType"/>
      <customType name="varlink" class="com.ibi.omni.ids.types.IdsVarLinkType"/>
      <element name="OmniStatus" type="string" hidden="true" cleanse="true" match="true" merge="true">
        <documentation>Use this element to set the status of this record. This field will default to 'ACTIVE' if not supplied. Possible values are: 'ACTIVE', 'INACTIVE', 'MERGED', 'LINKED', 'UNLINK'</documentation>
      </element>
      <element name="OmniStatusReason" type="string" hidden="true" cleanse="true" match="true" merge="true">
        <documentation>Use to specify the reason for the status.</documentation>
      </element>
      <element name="SourceName" type="string" key="true" cleanse="true" match="true" merge="true">
        <documentation>This element must identify the source system that was responsible for generating this data. This value is determined by the integration team and used in combination with SourceInstanceId will allow this record to be traced back to its originating source.</documentation>
      </element>
      <element name="SourceInstanceId" type="string" key="true" cleanse="true" match="true" merge="true">
        <documentation>This element should contain an integration manufactured value that uniquely identifies the collection element and can be used to map back to the source system. Whatever value is manufactured must not change over time as it will be used to make updates when data changes in the source system.</documentation>
      </element>
      <element name="SourceInstanceIdName" type="string" hidden="false" cleanse="true" match="true" merge="true">
        <documentation>This element gives an indication of where the data came from in the source system. Will be used in the 360 viewer for stewards to trace data from Omni back into the source system.</documentation>
      </element>
      <element name="PrimaryIndicator" type="boolean" cleanse="true" match="true" merge="true">
        <documentation>A Y/N indicator as to whether this is the primary phone number</documentation>
        <shortDescription>A Y/N indicator as to whether this is the primary phone number</shortDescription>
      </element>
      <element name="ActiveIndicator" type="boolean" cleanse="true" match="true" merge="true">
        <documentation>A Y/N indicator identifying whether a phone number is active.</documentation>
        <shortDescription>A Y/N indicator identifying whether a phone number is active.</shortDescription>
      </element>
      <element name="PreferedPhoneFlag" type="code" cleanse="true" match="true" merge="true">
        <documentation>Prefered Phone Flag</documentation>
        <shortDescription>Prefered Phone Flag</shortDescription>
      </element>
      <element name="PhoneType" type="code" cleanse="true" match="true" merge="true">
        <documentation>The type of phone number such as home, mobile or business.</documentation>
        <shortDescription>The type of phone number such as home, mobile or business.</shortDescription>
      </element>
      <element name="PhoneFaxNumber" type="string" cleanse="true" match="true" merge="true">
        <documentation>A set of digits that represents a phone number.</documentation>
        <shortDescription>A set of digits that represents a phone number.</shortDescription>
      </element>
      <element name="Extension" type="string" cleanse="true" match="true" merge="true">
        <documentation>Any appropriate extension for a phone number.</documentation>
        <shortDescription>Any appropriate extension for a phone number.</shortDescription>
      </element>
      <element name="CommStatus" type="code" cleanse="true" match="true" merge="true">
        <documentation>This is the status of the phone number such as unconfirmed, invalid, opt-in, opt-out or unsubscribe.</documentation>
        <shortDescription>This is the status of the phone number such as unconfirmed, invalid, opt-in, opt-out or unsubscribe.</shortDescription>
      </element>
      <element name="EffectiveDate" type="datetime" cleanse="true" match="true" merge="true">
        <documentation>Effective date of the phone number</documentation>
        <shortDescription>Effective date of the phone number</shortDescription>
      </element>
      <element name="ExpirationDate" type="datetime" cleanse="true" match="true" merge="true">
        <documentation>Expiration date of the phone number</documentation>
        <shortDescription>Expiration date of the phone number</shortDescription>
      </element>
      <element name="SourceStatusCode" type="code" cleanse="true" match="true" merge="true">
        <documentation>Use this element to specify a customer specific status for the instance. This may be used during the match and merge process.</documentation>
      </element>
      <element name="SourceCreatedDate" type="datetime" cleanse="true" match="true" merge="true">
        <documentation>Use this element to define when this element was modified outside of Omni.</documentation>
      </element>
      <element name="SourceCreatedBy" type="string" cleanse="true" match="true" merge="true">
        <documentation>Use this element to define the id of the person who was responsible for creating data for this record.</documentation>
      </element>
      <element name="SourceModifiedDate" type="datetime" cleanse="true" match="true" merge="true">
        <documentation>Use this element to define when this element was modified outside of Omni.</documentation>
      </element>
      <element name="SourceModifiedBy" type="string" cleanse="true" match="true" merge="true">
        <documentation>Use this element to define the id of the person who was responsible for modifying data for this record.</documentation>
      </element>
    </idsDocument>
  </list>
  <element name="SourceStatusCode" type="code" cleanse="true" match="true" merge="true">
    <documentation>Use this element to specify a customer specific status for the instance. This may be used during the match and merge process.</documentation>
  </element>
  <element name="SourceCreatedDate" type="datetime" cleanse="true" match="true" merge="true">
    <documentation>Use this element to define when this element was modified outside of Omni.</documentation>
  </element>
  <element name="SourceCreatedBy" type="string" cleanse="true" match="true" merge="true">
    <documentation>Use this element to define the id of the person who was responsible for creating data for this record.</documentation>
  </element>
  <element name="SourceModifiedDate" type="datetime" cleanse="true" match="true" merge="true">
    <documentation>Use this element to define when this element was modified outside of Omni.</documentation>
  </element>
  <element name="SourceModifiedBy" type="string" cleanse="true" match="true" merge="true">
    <documentation>Use this element to define the id of the person who was responsible for modifying data for this record.</documentation>
  </element>
</idsDocument>
