Continent;English name;country;idc;phone_length;phone_exp_length
Europe;Albania;ALB;355;8;8
Europe;Andorra;AND;376;6;6
N. America;Anguilla;AIA;1264;10;10
N. America;Antigua and Barbuda;ATG;1268;10;10
S. America;Argentina;ARG;54;10;10
N. America;Aruba;ABW;297;7;7
Europe;Austria;AUT;43;10;10
N. America;Bahamas;BHS;1242;10;10
N. America;Barbados;BRB;1246;10;10
Europe;Belarus;BLR;375;9;9
Europe;Belgium;BEL;32;9;9
N. America;Belize;BLZ;501;7;7
N. America;Bermuda;BMU;1441;10;10
S. America;Bolivia;BOL;591;8;8
Europe;Bosnia and Herzegovina;BIH;387;8;8
S. America;Brazil;BRA;55;8;8 - 9
N. America;British Virgin Island;VGB;1284;10;10
Europe;Bulgaria;BGR;359;9;9
N. America;Canada;CAN;1;10;10
N. America;Cayman Islands;CYM;1345;10;10
S. America;Colombia;COL;57;10;10
N. America;Costa Rica;CRI;506;8;8
Europe;Croatia;HRV;385;;
N. America;Cuba;CUB;53;8;8
Europe;Cyprus;CYP;357;8;8
Europe;Czech Republic;CZE;420;9;9
Europe;Denmark;DNK;45;8;8
N. America;Dominica;DMA;1767;10;10
N. America;Dominican Republic;DMO;1809;10;10
S. America;Ecuador;ECU;593;8;8
N. America;El Salvador;SLV;503;7;7 - 8
Europe;Estonia;EST;372;7;7 - 8
S. America;Falkland Islands;FLK;500;5;5
Europe;Faroe Islands;FRO;298;5;5
Europe;Finland;FIN;358;;
Europe;France;FRA;33;9;9
S. America;French Guiana;GUF;594;9;9
Europe;Germany;DEU;49;10;10
Europe;Gibraltar;GIB;350;8;8
Europe;Greece;GRC;30;10;10
Europe;Greenland;GRL;299;6;6
N. America;Grenada;GRD;1473;10;10
N. America;Guadeloupe;GLP;590;9;9
N. America;Guatemala;GTM;502;8;8
S. America;Guyana;GUY;592;7;7
N. America;Haiti;HTI;509;8;8
N. America;Honduras;HND;504;8;8
Europe;Hungary;HUN;36;9;9
S. America;Chile;CHL;56;8;8
Europe;Iceland;ISL;354;7;7
Europe;Ireland;IRL;353;9;9
Europe;Italy;ITA;39;10;10
N. America;Jamaica;JAM;1876;10;10
Europe;Latvia;LVA;371;8;8
Europe;Liechtenstein;LIE;423;9;9
Europe;Lithuania;LTU;370;8;8
Europe;Luxemburg;LUX;352;9;9
Europe;Macedonia;MKD;389;8;8
Europe;Malta;MLT;356;8;8
N. America;Martinique;MTQ;596;9;9
N. America;Mexico;MEX;52;10;10
Europe;Moldova;MDA;373;8;8
Europe;Monaco;MCO;377;8;8
Europe;Montenegro;MNE;382;6;6
N. America;Montserrat;MSR;1664;10;10
Europe;Netherlands;NLD;31;9;9
N. America;Netherlands Antilles;ANT;599;7;7
N. America;Nicaragua;NIC;505;8;8
Europe;Norway;NOR;47;8;8
N. America;Panama;PAN;507;7;7 - 8
S. America;Paraguay;PRY;595;9;9
S. America;Peru;PER;51;8;8 - 9
Europe;Poland;POL;48;9;9
Europe;Portugal;PRT;351;9;9
N. America;Puerto Rico;PRI;1787;10;10
N. America;Puerto Rico;PRI;1939;10;10
Europe;Romania;ROU;40;9;9
Europe;Russia;RUS;7;10;10
N. America;Saint Pierre a Miquelon;SPM;508;9;9
Europe;San Marino;SMR;378;10;10
Europe;Serbia;SRB;381;7;7
Europe;Slovakia;SVK;421;9;9
Europe;Slovenia;SVN;386;9;9
Europe;Spain;ESP;34;9;9
N. America;St. Kitts and Nevis;KNA;1869;10;10
N. America;St. Lucia;LCA;1758;10;10
N. America;St. Vincent and The Grenadines;VCT;1784;10;10
S. America;Suriname;SUR;597;6;6 - 7
Europe;Sweden;SWE;46;9;9
Europe;Switzerland;CHE;41;9;9
N. America;Trinidad and Tobago;TTO;1868;10;10
Europe;Turkey;TUR;90;11;11
N. America;Turks and Caicos Islands;TCA;1649;10;10
Europe;Ukraine;UKR;380;9;9
Europe;United Kingdom;GBR;44;10;10
S. America;Uruguay;URY;598;8;8
N. America;US Virgin Islands;VIR;134;10;10
N. America;USA;USA;1;10;10
Europe;Vatican;VAT;39;10;10
S. America;Venezuela;VEN;58;10;10
