﻿state;iso3;iso2;official_name
Afghanistan;AFG;AF;Afghanistan
Aland Islands;ALA;AX;Aland Islands
Albania;ALB;AL;Albania
Algeria;DZA;DZ;Algeria
American Samoa;ASM;AS;American Samoa
Andorra;AND;AD;Andorra
Angola;AGO;AO;Angola
Anguilla;AIA;AI;Anguilla
Antarctica;ATA;AQ;Antarctica
Antigua and Barbuda;ATG;AG;Antigua and Barbuda
Argentina;ARG;AR;Argentina
Armenia;ARM;AM;Armenia
Aruba;ABW;AW;Aruba
Australia;AUS;AU;Australia
Austria;AUT;AT;Austria
Azerbaijan;AZE;AZ;Azerbaijan
Bahamas;BHS;BS;Bahamas
Bahrain;BHR;BH;Bahrain
Bangladesh;BGD;BD;Bangladesh
Barbados;BRB;BB;Barbados
Belarus;BLR;BY;Belarus
Belgium;BEL;BE;Belgium
Belize;BLZ;BZ;Belize
Benin;BEN;BJ;Benin
Bermuda;BMU;BM;Bermuda
Bhutan;BTN;BT;Bhutan
Plurinational State of Bolivia;BOL ;BO;Plurinational State of Bolivia
Bolivia;BOL;BO;Bolivia
Bonaire;BES;BQ;Bonaire
Bonaire, Sint Eustatius and Saba;BES;BQ;Bonaire, Sint Eustatius and Saba
Bosnia and Herzegovina;BIH;BA;Bosnia and Herzegovina
Botswana;BWA;BW;Botswana
Bouvet Island;BVT;BV;Bouvet Island
Brazil;BRA;BR;Brazil
British Indian Ocean Territory;IOT;IO;British Indian Ocean Territory
Brunei Darussalam;BRN;BN;Brunei Darussalam
Bulgaria;BGR;BG;Bulgaria
Burkina Faso;BFA;BF;Burkina Faso
Burundi;BDI;BI;Burundi
Cabo Verde;CPV;CV;Cabo Verde
Cambodia;KHM;KH;Cambodia
Cameroon;CMR;CM;Cameroon
Canada;CAN;CA;Canada
Cayman Islands;CYM;KY;Cayman Islands
Central African Republic;CAF;CF;Central African Republic
Cocos (Keeling) Islands;CCK;CC;Cocos (Keeling) Islands
Colombia;COL;CO;Colombia
Comoros;COM;KM;Comoros
Congo;COG;CG;Congo
the Democratic Republic of the Congo;COD;CD;the Democratic Republic of the Congo
Cook Islands;COK;CK;Cook Islands
Costa Rica;CRI;CR;Costa Rica
Côte d'Ivoire;CIV;CI;Côte d'Ivoire
Croatia;HRV;HR;Croatia
Cuba;CUB;CU;Cuba
Curaçao;CUW;CW;Curaçao
Cyprus;CYP;CY;Cyprus
Czech Republic;CZE;CZ;Czech Republic
Denmark;DNK;DK;Denmark
Djibouti;DJI;DJ;Djibouti
Dominica;DMA;DM;Dominica
Dominican Republic;DOM;DO;Dominican Republic
Ecuador;ECU;EC;Ecuador
Egypt;EGY;EG;Egypt
El Salvador;SLV;SV;El Salvador
Equatorial Guinea;GNQ;GQ;Equatorial Guinea
Eritrea;ERI;ER;Eritrea
Estonia;EST;EE;Estonia
Ethiopia;ETH;ET;Ethiopia
Falkland Islands (Malvinas);FLK;FK;Falkland Islands (Malvinas)
Faroe Islands;FRO;FO;Faroe Islands
Fiji;FJI;FJ;Fiji
Finland;FIN;FI;Finland
France;FRA;FR;France
French Guiana;GUF;GF;French Guiana
French Polynesia;PYF;PF;French Polynesia
French Southern Territories;ATF;TF;French Southern Territories
Gabon;GAB;GA;Gabon
Gambia;GMB;GM;Gambia
Georgia;GEO;GE;Georgia
Germany;DEU;DE;Germany
Ghana;GHA;GH;Ghana
Gibraltar;GIB;GI;Gibraltar
Greece;GRC;GR;Greece
Greenland;GRL;GL;Greenland
Grenada;GRD;GD;Grenada
Guadeloupe;GLP;GP;Guadeloupe
Guam;GUM;GU;Guam
Guatemala;GTM;GT;Guatemala
Guernsey;GGY;GG;Guernsey
Guinea;GIN;GN;Guinea
Guinea-Bissau;GNB;GW;Guinea-Bissau
Guyana;GUY;GY;Guyana
Haiti;HTI;HT;Haiti
Heard Island and McDonald Islands;HMD;HM;Heard Island and McDonald Islands
Holy See;VAT; VA;Holy See
Vatican City State;VAT;VA;Vatican City State
Honduras;HND;HN;Honduras
Hong Kong;HKG;HK;Hong Kong
Hungary;HUN;HU;Hungary
Chad;TCD;TD;Chad
Chile;CHL;CL;Chile
China;CHN;CN;China
Christmas Island;CXR;CX;Christmas Island
Iceland;ISL;IS;Iceland
India;IND;IN;India
Indonesia;IDN;ID;Indonesia
Islamic Republic of Iran;IRN;IR;Islamic Republic of Iran
Iran;IRN;IR;Iran
Iraq;IRQ;IQ;Iraq
Ireland;IRL;IE;Ireland
Isle of Man;IMN;IM;Isle of Man
Israel;ISR;IL;Israel
Italy;ITA;IT;Italy
Jamaica;JAM;JM;Jamaica
Japan;JPN;JP;Japan
Jersey;JEY;JE;Jersey
Jordan;JOR;JO;Jordan
Kazakhstan;KAZ;KZ;Kazakhstan
Kenya;KEN;KE;Kenya
Kiribati;KIR;KI;Kiribati
Democratic People's Republic of Korea;PRK;KP;Democratic People's Republic of Korea
South Korea;KOR;KR;South Korea
Republic of Korea;KOR;KR;Republic of Korea
Kuwait;KWT;KW;Kuwait
Kyrgyzstan;KGZ;KG;Kyrgyzstan
Lao People's Democratic Republic;LAO;LA;Lao People's Democratic Republic
Latvia;LVA;LV;Latvia
Lebanon;LBN;LB;Lebanon
Lesotho;LSO;LS;Lesotho
Liberia;LBR;LR;Liberia
Libya;LBY;LY;Libya
Liechtenstein;LIE;LI;Liechtenstein
Lithuania;LTU;LT;Lithuania
Luxembourg;LUX;LU;Luxembourg
Macao;MAC;MO;Macao
the former Yugoslav Republic of Macedonia;MKD;MK;the former Yugoslav Republic of Macedonia
Madagascar;MDG;MG;Madagascar
Malawi;MWI;MW;Malawi
Malaysia;MYS;MY;Malaysia
Maldives;MDV;MV;Maldives
Mali;MLI;ML;Mali
Malta;MLT;MT;Malta
Marshall Islands;MHL;MH;Marshall Islands
Martinique;MTQ;MQ;Martinique
Mauritania;MRT;MR;Mauritania
Mauritius;MUS;MU;Mauritius
Mayotte;MYT;YT;Mayotte
Mexico;MEX;MX;Mexico
Federated States of Micronesia;FSM;FM;Federated States of Micronesia
Republic of Moldova;MDA;MD;Republic of Moldova
Monaco;MCO;MC;Monaco
Mongolia;MNG;MN;Mongolia
Montenegro;MNE;ME;Montenegro
Montserrat;MSR;MS;Montserrat
Morocco;MAR;MA;Morocco
Mozambique;MOZ;MZ;Mozambique
Myanmar;MMR;MM;Myanmar
Namibia;NAM;NA;Namibia
Nauru;NRU;NR;Nauru
Nepal;NPL;NP;Nepal
Netherlands;NLD;NL;Netherlands
New Caledonia;NCL;NC;New Caledonia
New Zealand;NZL;NZ;New Zealand
Nicaragua;NIC;NI;Nicaragua
Niger;NER;NE;Niger
Nigeria;NGA;NG;Nigeria
Niue;NIU;NU;Niue
Norfolk Island;NFK;NF;Norfolk Island
Northern Mariana Islands;MNP;MP;Northern Mariana Islands
Norway;NOR;NO;Norway
Oman;OMN;OM;Oman
Pakistan;PAK;PK;Pakistan
Palau;PLW;PW;Palau
State of Palestine;PSE;PS;State of Palestine
Panama;PAN;PA;Panama
Papua New Guinea;PNG;PG;Papua New Guinea
Paraguay;PRY;PY;Paraguay
Peru;PER;PE;Peru
Philippines;PHL;PH;Philippines
Pitcairn;PCN;PN;Pitcairn
Poland;POL;PL;Poland
Portugal;PRT;PT;Portugal
Puerto Rico;PRI;PR;Puerto Rico
Qatar;QAT;QA;Qatar
Réunion;REU;RE;Réunion
Romania;ROU;RO;Romania
Russian Federation;RUS;RU;Russian Federation
Rwanda;RWA;RW;Rwanda
Saint Barthélemy;BLM;BL;Saint Barthélemy
Ascension and Tristan da Cunha Saint Helena;SHN;SH;Ascension and Tristan da Cunha Saint Helena
Saint Kitts and Nevis;KNA;KN;Saint Kitts and Nevis
Saint Lucia;LCA;LC;Saint Lucia
Saint Martin (French part);MAF;MF;Saint Martin (French part)
Saint Pierre and Miquelon;SPM;PM;Saint Pierre and Miquelon
Saint Vincent and the Grenadines;VCT;VC;Saint Vincent and the Grenadines
Samoa;WSM;WS;Samoa
San Marino;SMR;SM;San Marino
Sao Tome and Principe;STP;ST;Sao Tome and Principe
Saudi Arabia;SAU;SA;Saudi Arabia
Senegal;SEN;SN;Senegal
Serbia;SRB;RS;Serbia
Seychelles;SYC;SC;Seychelles
Sierra Leone;SLE;SL;Sierra Leone
Singapore;SGP;SG;Singapore
Sint Maarten (Dutch part);SXM;SX;Sint Maarten (Dutch part)
Slovakia;SVK;SK;Slovakia
Slovenia;SVN;SI;Slovenia
Solomon Islands;SLB;SB;Solomon Islands
Somalia;SOM;SO;Somalia
South Africa;ZAF;ZA;South Africa
South Georgia and the South Sandwich Islands;SGS;GS;South Georgia and the South Sandwich Islands
South Sudan;SSD;SS;South Sudan
Spain;ESP;ES;Spain
Sri Lanka;LKA;LK;Sri Lanka
Sudan;SDN;SD;Sudan
Suriname;SUR;SR;Suriname
Svalbard and Jan Mayen;SJM;SJ;Svalbard and Jan Mayen
Swaziland;SWZ;SZ;Swaziland
Sweden;SWE;SE;Sweden
Switzerland;CHE;CH;Switzerland
Syrian Arab Republic;SYR;SY;Syrian Arab Republic
Province of China Taiwan;TWN;TW;Taiwan
Tajikistan;TJK;TJ;Tajikistan
United Republic of Tanzania;TZA;TZ;United Republic of Tanzania
Thailand;THA;TH;Thailand
Timor-Leste;TLS;TL;Timor-Leste
Togo;TGO;TG;Togo
Tokelau;TKL;TK;Tokelau
Tonga;TON;TO;Tonga
Trinidad and Tobago;TTO;TT;Trinidad and Tobago
Tunisia;TUN;TN;Tunisia
Turkey;TUR;TR;Turkey
Turkmenistan;TKM;TM;Turkmenistan
Turks and Caicos Islands;TCA;TC;Turks and Caicos Islands
Tuvalu;TUV;TV;Tuvalu
Uganda;UGA;UG;Uganda
Ukraine;UKR;UA;Ukraine
United Arab Emirates;ARE;AE;United Arab Emirates
United Kingdom;GBR;GB;United Kingdom
United States Minor Outlying Islands;UMI;UM;United States Minor Outlying Islands
United States of America;USA;US;United States of America
Uruguay;URY;UY;Uruguay
Uzbekistan;UZB;UZ;Uzbekistan
Vanuatu;VUT;VU;Vanuatu
Bolivarian Republic of Venezuela;VEN;VE;Bolivarian Republic of Venezuela
Viet Nam;VNM;VN;Viet Nam
British Virgin Islands;VGB;VG;British Virgin Islands
U.S. Virgin Islands;VIR;VI;U.S. Virgin Islands
Wallis and Futuna;WLF;WF;Wallis and Futuna
Western Sahara;ESH;EH;Western Sahara
Yemen;YEM;YE;Yemen
Zambia;ZMB;ZM;Zambia
Zimbabwe;ZWE;ZW;Zimbabwe
AFG;AFG;AF;Afghanistan
ALA;ALA;AX;Aland Islands
ALB;ALB;AL;Albania
DZA;DZA;DZ;Algeria
ASM;ASM;AS;American Samoa
AND;AND;AD;Andorra
AGO;AGO;AO;Angola
AIA;AIA;AI;Anguilla
ATA;ATA;AQ;Antarctica
ATG;ATG;AG;Antigua and Barbuda
ARG;ARG;AR;Argentina
ARM;ARM;AM;Armenia
ABW;ABW;AW;Aruba
AUS;AUS;AU;Australia
AUT;AUT;AT;Austria
AZE;AZE;AZ;Azerbaijan
BHS;BHS;BS;Bahamas
BHR;BHR;BH;Bahrain
BGD;BGD;BD;Bangladesh
BRB;BRB;BB;Barbados
BLR;BLR;BY;Belarus
BEL;BEL;BE;Belgium
BLZ;BLZ;BZ;Belize
BEN;BEN;BJ;Benin
BMU;BMU;BM;Bermuda
BTN;BTN;BT;Bhutan
BOL ;BOL ;BO;Plurinational State of Bolivia
BOL;BOL;BO;Bolivia
BES;BES;BQ;Bonaire
BES;BES;BQ;Bonaire, Sint Eustatius and Saba
BIH;BIH;BA;Bosnia and Herzegovina
BWA;BWA;BW;Botswana
BVT;BVT;BV;Bouvet Island
BRA;BRA;BR;Brazil
IOT;IOT;IO;British Indian Ocean Territory
BRN;BRN;BN;Brunei Darussalam
BGR;BGR;BG;Bulgaria
BFA;BFA;BF;Burkina Faso
BDI;BDI;BI;Burundi
CPV;CPV;CV;Cabo Verde
KHM;KHM;KH;Cambodia
CMR;CMR;CM;Cameroon
CAN;CAN;CA;Canada
CYM;CYM;KY;Cayman Islands
CAF;CAF;CF;Central African Republic
CCK;CCK;CC;Cocos (Keeling) Islands
COL;COL;CO;Colombia
COM;COM;KM;Comoros
COG;COG;CG;Congo
COD;COD;CD;the Democratic Republic of the Congo
COK;COK;CK;Cook Islands
CRI;CRI;CR;Costa Rica
CIV;CIV;CI;Côte d'Ivoire
HRV;HRV;HR;Croatia
CUB;CUB;CU;Cuba
CUW;CUW;CW;Curaçao
CYP;CYP;CY;Cyprus
CZE;CZE;CZ;Czech Republic
DNK;DNK;DK;Denmark
DJI;DJI;DJ;Djibouti
DMA;DMA;DM;Dominica
DOM;DOM;DO;Dominican Republic
ECU;ECU;EC;Ecuador
EGY;EGY;EG;Egypt
SLV;SLV;SV;El Salvador
GNQ;GNQ;GQ;Equatorial Guinea
ERI;ERI;ER;Eritrea
EST;EST;EE;Estonia
ETH;ETH;ET;Ethiopia
FLK;FLK;FK;Falkland Islands (Malvinas)
FRO;FRO;FO;Faroe Islands
FJI;FJI;FJ;Fiji
FIN;FIN;FI;Finland
FRA;FRA;FR;France
GUF;GUF;GF;French Guiana
PYF;PYF;PF;French Polynesia
ATF;ATF;TF;French Southern Territories
GAB;GAB;GA;Gabon
GMB;GMB;GM;Gambia
GEO;GEO;GE;Georgia
DEU;DEU;DE;Germany
GHA;GHA;GH;Ghana
GIB;GIB;GI;Gibraltar
GRC;GRC;GR;Greece
GRL;GRL;GL;Greenland
GRD;GRD;GD;Grenada
GLP;GLP;GP;Guadeloupe
GUM;GUM;GU;Guam
GTM;GTM;GT;Guatemala
GGY;GGY;GG;Guernsey
GIN;GIN;GN;Guinea
GNB;GNB;GW;Guinea-Bissau
GUY;GUY;GY;Guyana
HTI;HTI;HT;Haiti
HMD;HMD;HM;Heard Island and McDonald Islands
VAT;VAT; VA;Holy See
VAT;VAT;VA;Vatican City State
HND;HND;HN;Honduras
HKG;HKG;HK;Hong Kong
HUN;HUN;HU;Hungary
TCD;TCD;TD;Chad
CHL;CHL;CL;Chile
CHN;CHN;CN;China
CXR;CXR;CX;Christmas Island
ISL;ISL;IS;Iceland
IND;IND;IN;India
IDN;IDN;ID;Indonesia
IRN;IRN;IR;Islamic Republic of Iran
IRN;IRN;IR;Iran
IRQ;IRQ;IQ;Iraq
IRL;IRL;IE;Ireland
IMN;IMN;IM;Isle of Man
ISR;ISR;IL;Israel
ITA;ITA;IT;Italy
JAM;JAM;JM;Jamaica
JPN;JPN;JP;Japan
JEY;JEY;JE;Jersey
JOR;JOR;JO;Jordan
KAZ;KAZ;KZ;Kazakhstan
KEN;KEN;KE;Kenya
KIR;KIR;KI;Kiribati
PRK;PRK;KP;Democratic People's Republic of Korea
KOR;KOR;KR;South Korea
KOR;KOR;KR;Republic of Korea
KWT;KWT;KW;Kuwait
KGZ;KGZ;KG;Kyrgyzstan
LAO;LAO;LA;Lao People's Democratic Republic
LVA;LVA;LV;Latvia
LBN;LBN;LB;Lebanon
LSO;LSO;LS;Lesotho
LBR;LBR;LR;Liberia
LBY;LBY;LY;Libya
LIE;LIE;LI;Liechtenstein
LTU;LTU;LT;Lithuania
LUX;LUX;LU;Luxembourg
MAC;MAC;MO;Macao
MKD;MKD;MK;the former Yugoslav Republic of Macedonia
MDG;MDG;MG;Madagascar
MWI;MWI;MW;Malawi
MYS;MYS;MY;Malaysia
MDV;MDV;MV;Maldives
MLI;MLI;ML;Mali
MLT;MLT;MT;Malta
MHL;MHL;MH;Marshall Islands
MTQ;MTQ;MQ;Martinique
MRT;MRT;MR;Mauritania
MUS;MUS;MU;Mauritius
MYT;MYT;YT;Mayotte
MEX;MEX;MX;Mexico
FSM;FSM;FM;Federated States of Micronesia
MDA;MDA;MD;Republic of Moldova
MCO;MCO;MC;Monaco
MNG;MNG;MN;Mongolia
MNE;MNE;ME;Montenegro
MSR;MSR;MS;Montserrat
MAR;MAR;MA;Morocco
MOZ;MOZ;MZ;Mozambique
MMR;MMR;MM;Myanmar
NAM;NAM;NA;Namibia
NRU;NRU;NR;Nauru
NPL;NPL;NP;Nepal
NLD;NLD;NL;Netherlands
NCL;NCL;NC;New Caledonia
NZL;NZL;NZ;New Zealand
NIC;NIC;NI;Nicaragua
NER;NER;NE;Niger
NGA;NGA;NG;Nigeria
NIU;NIU;NU;Niue
NFK;NFK;NF;Norfolk Island
MNP;MNP;MP;Northern Mariana Islands
NOR;NOR;NO;Norway
OMN;OMN;OM;Oman
PAK;PAK;PK;Pakistan
PLW;PLW;PW;Palau
PSE;PSE;PS;State of Palestine
PAN;PAN;PA;Panama
PNG;PNG;PG;Papua New Guinea
PRY;PRY;PY;Paraguay
PER;PER;PE;Peru
PHL;PHL;PH;Philippines
PCN;PCN;PN;Pitcairn
POL;POL;PL;Poland
PRT;PRT;PT;Portugal
PRI;PRI;PR;Puerto Rico
QAT;QAT;QA;Qatar
REU;REU;RE;Réunion
ROU;ROU;RO;Romania
RUS;RUS;RU;Russian Federation
RWA;RWA;RW;Rwanda
BLM;BLM;BL;Saint Barthélemy
SHN;SHN;SH;Ascension and Tristan da Cunha Saint Helena
KNA;KNA;KN;Saint Kitts and Nevis
LCA;LCA;LC;Saint Lucia
MAF;MAF;MF;Saint Martin (French part)
SPM;SPM;PM;Saint Pierre and Miquelon
VCT;VCT;VC;Saint Vincent and the Grenadines
WSM;WSM;WS;Samoa
SMR;SMR;SM;San Marino
STP;STP;ST;Sao Tome and Principe
SAU;SAU;SA;Saudi Arabia
SEN;SEN;SN;Senegal
SRB;SRB;RS;Serbia
SYC;SYC;SC;Seychelles
SLE;SLE;SL;Sierra Leone
SGP;SGP;SG;Singapore
SXM;SXM;SX;Sint Maarten (Dutch part)
SVK;SVK;SK;Slovakia
SVN;SVN;SI;Slovenia
SLB;SLB;SB;Solomon Islands
SOM;SOM;SO;Somalia
ZAF;ZAF;ZA;South Africa
SGS;SGS;GS;South Georgia and the South Sandwich Islands
SSD;SSD;SS;South Sudan
ESP;ESP;ES;Spain
LKA;LKA;LK;Sri Lanka
SDN;SDN;SD;Sudan
SUR;SUR;SR;Suriname
SJM;SJM;SJ;Svalbard and Jan Mayen
SWZ;SWZ;SZ;Swaziland
SWE;SWE;SE;Sweden
CHE;CHE;CH;Switzerland
SYR;SYR;SY;Syrian Arab Republic
TWN;TWN;TW;Province of China Taiwan
TJK;TJK;TJ;Tajikistan
TZA;TZA;TZ;United Republic of Tanzania
THA;THA;TH;Thailand
TLS;TLS;TL;Timor-Leste
TGO;TGO;TG;Togo
TKL;TKL;TK;Tokelau
TON;TON;TO;Tonga
TTO;TTO;TT;Trinidad and Tobago
TUN;TUN;TN;Tunisia
TUR;TUR;TR;Turkey
TKM;TKM;TM;Turkmenistan
TCA;TCA;TC;Turks and Caicos Islands
TUV;TUV;TV;Tuvalu
UGA;UGA;UG;Uganda
UKR;UKR;UA;Ukraine
ARE;ARE;AE;United Arab Emirates
GBR;GBR;GB;United Kingdom
UMI;UMI;UM;United States Minor Outlying Islands
USA;USA;US;United States of America
URY;URY;UY;Uruguay
UZB;UZB;UZ;Uzbekistan
VUT;VUT;VU;Vanuatu
VEN;VEN;VE;Bolivarian Republic of Venezuela
VNM;VNM;VN;Viet Nam
VGB;VGB;VG;British Virgin Islands
VIR;VIR;VI;U.S. Virgin Islands
WLF;WLF;WF;Wallis and Futuna
ESH;ESH;EH;Western Sahara
YEM;YEM;YE;Yemen
ZMB;ZMB;ZM;Zambia
ZWE;ZWE;ZW;Zimbabwe
AF;AFG;AF;Afghanistan
AX;ALA;AX;Aland Islands
AL;ALB;AL;Albania
DZ;DZA;DZ;Algeria
AS;ASM;AS;American Samoa
AD;AND;AD;Andorra
AO;AGO;AO;Angola
AI;AIA;AI;Anguilla
AQ;ATA;AQ;Antarctica
AG;ATG;AG;Antigua and Barbuda
AR;ARG;AR;Argentina
AM;ARM;AM;Armenia
AW;ABW;AW;Aruba
AU;AUS;AU;Australia
AT;AUT;AT;Austria
AZ;AZE;AZ;Azerbaijan
BS;BHS;BS;Bahamas
BH;BHR;BH;Bahrain
BD;BGD;BD;Bangladesh
BB;BRB;BB;Barbados
BY;BLR;BY;Belarus
BE;BEL;BE;Belgium
BZ;BLZ;BZ;Belize
BJ;BEN;BJ;Benin
BM;BMU;BM;Bermuda
BT;BTN;BT;Bhutan
BO;BOL ;BO;Plurinational State of Bolivia
BO;BOL;BO;Bolivia
BQ;BES;BQ;Bonaire
BQ;BES;BQ;Bonaire, Sint Eustatius and Saba
BA;BIH;BA;Bosnia and Herzegovina
BW;BWA;BW;Botswana
BV;BVT;BV;Bouvet Island
BR;BRA;BR;Brazil
IO;IOT;IO;British Indian Ocean Territory
BN;BRN;BN;Brunei Darussalam
BG;BGR;BG;Bulgaria
BF;BFA;BF;Burkina Faso
BI;BDI;BI;Burundi
CV;CPV;CV;Cabo Verde
KH;KHM;KH;Cambodia
CM;CMR;CM;Cameroon
CA;CAN;CA;Canada
KY;CYM;KY;Cayman Islands
CF;CAF;CF;Central African Republic
CC;CCK;CC;Cocos (Keeling) Islands
CO;COL;CO;Colombia
KM;COM;KM;Comoros
CG;COG;CG;Congo
CD;COD;CD;the Democratic Republic of the Congo
CK;COK;CK;Cook Islands
CR;CRI;CR;Costa Rica
CI;CIV;CI;Côte d'Ivoire
HR;HRV;HR;Croatia
CU;CUB;CU;Cuba
CW;CUW;CW;Curaçao
CY;CYP;CY;Cyprus
CZ;CZE;CZ;Czech Republic
DK;DNK;DK;Denmark
DJ;DJI;DJ;Djibouti
DM;DMA;DM;Dominica
DO;DOM;DO;Dominican Republic
EC;ECU;EC;Ecuador
EG;EGY;EG;Egypt
SV;SLV;SV;El Salvador
GQ;GNQ;GQ;Equatorial Guinea
ER;ERI;ER;Eritrea
EE;EST;EE;Estonia
ET;ETH;ET;Ethiopia
FK;FLK;FK;Falkland Islands (Malvinas)
FO;FRO;FO;Faroe Islands
FJ;FJI;FJ;Fiji
FI;FIN;FI;Finland
FR;FRA;FR;France
GF;GUF;GF;French Guiana
PF;PYF;PF;French Polynesia
TF;ATF;TF;French Southern Territories
GA;GAB;GA;Gabon
GM;GMB;GM;Gambia
GE;GEO;GE;Georgia
DE;DEU;DE;Germany
GH;GHA;GH;Ghana
GI;GIB;GI;Gibraltar
GR;GRC;GR;Greece
GL;GRL;GL;Greenland
GD;GRD;GD;Grenada
GP;GLP;GP;Guadeloupe
GU;GUM;GU;Guam
GT;GTM;GT;Guatemala
GG;GGY;GG;Guernsey
GN;GIN;GN;Guinea
GW;GNB;GW;Guinea-Bissau
GY;GUY;GY;Guyana
HT;HTI;HT;Haiti
HM;HMD;HM;Heard Island and McDonald Islands
 VA;VAT; VA;Holy See
VA;VAT;VA;Vatican City State
HN;HND;HN;Honduras
HK;HKG;HK;Hong Kong
HU;HUN;HU;Hungary
TD;TCD;TD;Chad
CL;CHL;CL;Chile
CN;CHN;CN;China
CX;CXR;CX;Christmas Island
IS;ISL;IS;Iceland
IN;IND;IN;India
ID;IDN;ID;Indonesia
IR;IRN;IR;Islamic Republic of Iran
IR;IRN;IR;Iran
IQ;IRQ;IQ;Iraq
IE;IRL;IE;Ireland
IM;IMN;IM;Isle of Man
IL;ISR;IL;Israel
IT;ITA;IT;Italy
JM;JAM;JM;Jamaica
JP;JPN;JP;Japan
JE;JEY;JE;Jersey
JO;JOR;JO;Jordan
KZ;KAZ;KZ;Kazakhstan
KE;KEN;KE;Kenya
KI;KIR;KI;Kiribati
KP;PRK;KP;Democratic People's Republic of Korea
KR;KOR;KR;South Korea
KR;KOR;KR;Republic of Korea
KW;KWT;KW;Kuwait
KG;KGZ;KG;Kyrgyzstan
LA;LAO;LA;Lao People's Democratic Republic
LV;LVA;LV;Latvia
LB;LBN;LB;Lebanon
LS;LSO;LS;Lesotho
LR;LBR;LR;Liberia
LY;LBY;LY;Libya
LI;LIE;LI;Liechtenstein
LT;LTU;LT;Lithuania
LU;LUX;LU;Luxembourg
MO;MAC;MO;Macao
MK;MKD;MK;the former Yugoslav Republic of Macedonia
MG;MDG;MG;Madagascar
MW;MWI;MW;Malawi
MY;MYS;MY;Malaysia
MV;MDV;MV;Maldives
ML;MLI;ML;Mali
MT;MLT;MT;Malta
MH;MHL;MH;Marshall Islands
MQ;MTQ;MQ;Martinique
MR;MRT;MR;Mauritania
MU;MUS;MU;Mauritius
YT;MYT;YT;Mayotte
MX;MEX;MX;Mexico
FM;FSM;FM;Federated States of Micronesia
MD;MDA;MD;Republic of Moldova
MC;MCO;MC;Monaco
MN;MNG;MN;Mongolia
ME;MNE;ME;Montenegro
MS;MSR;MS;Montserrat
MA;MAR;MA;Morocco
MZ;MOZ;MZ;Mozambique
MM;MMR;MM;Myanmar
NA;NAM;NA;Namibia
NR;NRU;NR;Nauru
NP;NPL;NP;Nepal
NL;NLD;NL;Netherlands
NC;NCL;NC;New Caledonia
NZ;NZL;NZ;New Zealand
NI;NIC;NI;Nicaragua
NE;NER;NE;Niger
NG;NGA;NG;Nigeria
NU;NIU;NU;Niue
NF;NFK;NF;Norfolk Island
MP;MNP;MP;Northern Mariana Islands
NO;NOR;NO;Norway
OM;OMN;OM;Oman
PK;PAK;PK;Pakistan
PW;PLW;PW;Palau
PS;PSE;PS;State of Palestine
PA;PAN;PA;Panama
PG;PNG;PG;Papua New Guinea
PY;PRY;PY;Paraguay
PE;PER;PE;Peru
PH;PHL;PH;Philippines
PN;PCN;PN;Pitcairn
PL;POL;PL;Poland
PT;PRT;PT;Portugal
PR;PRI;PR;Puerto Rico
QA;QAT;QA;Qatar
RE;REU;RE;Réunion
RO;ROU;RO;Romania
RU;RUS;RU;Russian Federation
RW;RWA;RW;Rwanda
BL;BLM;BL;Saint Barthélemy
SH;SHN;SH;Ascension and Tristan da Cunha Saint Helena
KN;KNA;KN;Saint Kitts and Nevis
LC;LCA;LC;Saint Lucia
MF;MAF;MF;Saint Martin (French part)
PM;SPM;PM;Saint Pierre and Miquelon
VC;VCT;VC;Saint Vincent and the Grenadines
WS;WSM;WS;Samoa
SM;SMR;SM;San Marino
ST;STP;ST;Sao Tome and Principe
SA;SAU;SA;Saudi Arabia
SN;SEN;SN;Senegal
RS;SRB;RS;Serbia
SC;SYC;SC;Seychelles
SL;SLE;SL;Sierra Leone
SG;SGP;SG;Singapore
SX;SXM;SX;Sint Maarten (Dutch part)
SK;SVK;SK;Slovakia
SI;SVN;SI;Slovenia
SB;SLB;SB;Solomon Islands
SO;SOM;SO;Somalia
ZA;ZAF;ZA;South Africa
GS;SGS;GS;South Georgia and the South Sandwich Islands
SS;SSD;SS;South Sudan
ES;ESP;ES;Spain
LK;LKA;LK;Sri Lanka
SD;SDN;SD;Sudan
SR;SUR;SR;Suriname
SJ;SJM;SJ;Svalbard and Jan Mayen
SZ;SWZ;SZ;Swaziland
SE;SWE;SE;Sweden
CH;CHE;CH;Switzerland
SY;SYR;SY;Syrian Arab Republic
TW;TWN;TW;Province of China Taiwan
TJ;TJK;TJ;Tajikistan
TZ;TZA;TZ;United Republic of Tanzania
TH;THA;TH;Thailand
TL;TLS;TL;Timor-Leste
TG;TGO;TG;Togo
TK;TKL;TK;Tokelau
TO;TON;TO;Tonga
TT;TTO;TT;Trinidad and Tobago
TN;TUN;TN;Tunisia
TR;TUR;TR;Turkey
TM;TKM;TM;Turkmenistan
TC;TCA;TC;Turks and Caicos Islands
TV;TUV;TV;Tuvalu
UG;UGA;UG;Uganda
UA;UKR;UA;Ukraine
AE;ARE;AE;United Arab Emirates
GB;GBR;GB;United Kingdom
UM;UMI;UM;United States Minor Outlying Islands
US;USA;US;United States of America
UY;URY;UY;Uruguay
UZ;UZB;UZ;Uzbekistan
VU;VUT;VU;Vanuatu
VE;VEN;VE;Bolivarian Republic of Venezuela
VN;VNM;VN;Viet Nam
VG;VGB;VG;British Virgin Islands
VI;VIR;VI;U.S. Virgin Islands
WF;WLF;WF;Wallis and Futuna
EH;ESH;EH;Western Sahara
YE;YEM;YE;Yemen
ZM;ZMB;ZM;Zambia
ZW;ZWE;ZW;Zimbabwe
