﻿name;ISO3;ISO2;official_name
Vatican;VAT;VA;Holy See
Zaire;COD;CD;the Democratic Republic of the Congo
Laos;LAO;LA;Lao People's Democratic Republic
Micronesia;FSM;FM;Federated States of Micronesia
Moldova;MDA;MD;Republic of Moldova
Palestine;PSE;PS;State of Palestine
Russia;RUS;RU;Russian Federation
Saint Helena;SHN;SH;Ascension and Tristan da Cunha Saint Helena
Taiwan;TWN;TW;Taiwan
Tanzania;TZA;TZ;United Republic of Tanzania
Venezuela;VEN;VE;Bolivarian Republic of Venezuela
Vietnam;VNM;VN;Viet Nam
Falkland Islands;FLK;FK;Falkland Islands (Malvinas)
Malvinas;FLK;FK;Falkland Islands (Malvinas)
Man;IMN;IM;Isle of Man
North Korea;PRK;KP;Democratic People's Republic of Korea
Macedonia;MKD;MK;the former Yugoslav Republic of Macedonia
United States;USA;US;United States of America
