area_code;state
201;USA
202;USA
203;USA
204;CAN
205;USA
206;USA
207;USA
208;USA
209;USA
210;USA
212;USA
213;USA
214;USA
215;USA
216;USA
217;USA
218;USA
219;USA
220;USA
223;USA
224;USA
225;USA
226;CAN
227;USA
228;USA
229;USA
231;USA
234;USA
236;CAN
239;USA
240;USA
242;BHS
246;BRB
248;USA
249;CAN
250;CAN
251;USA
252;USA
253;USA
254;USA
256;USA
260;USA
262;USA
264;AIA
267;USA
268;ATG
269;USA
270;USA
272;USA
274;USA
276;USA
279;USA
281;USA
283;USA
284;VGB
289;CAN
301;USA
302;USA
303;USA
304;USA
305;USA
306;CAN
307;USA
308;USA
309;USA
310;USA
312;USA
313;USA
314;USA
315;USA
316;USA
317;USA
318;USA
319;USA
320;USA
321;USA
323;USA
325;USA
327;USA
330;USA
331;USA
332;USA
334;USA
336;USA
337;USA
339;USA
340;USA
343;CAN
345;CYM
346;USA
347;USA
351;USA
352;USA
360;USA
361;USA
364;USA
365;CAN
380;USA
385;USA
386;USA
401;USA
402;USA
403;CAN
404;USA
405;USA
406;USA
407;USA
408;USA
409;USA
410;USA
412;USA
413;USA
414;USA
415;USA
416;CAN
417;USA
418;CAN
419;USA
423;USA
424;USA
425;USA
430;USA
431;CAN
432;USA
434;USA
435;USA
437;CAN
438;CAN
440;USA
441;BMU
442;USA
443;USA
445;USA
447;USA
450;CAN
456;
458;USA
463;USA
464;USA
469;USA
470;USA
473;GRD
475;USA
478;USA
479;USA
480;USA
484;USA
500;
501;USA
502;USA
503;USA
504;USA
505;USA
506;CAN
507;USA
508;USA
509;USA
510;USA
512;USA
513;USA
514;CAN
515;USA
516;USA
517;USA
518;USA
519;CAN
520;USA
530;USA
531;USA
533;
534;USA
539;USA
540;USA
541;USA
544;
548;CAN
551;USA
557;USA
559;USA
561;USA
562;USA
563;USA
564;USA
566;
567;USA
570;USA
571;USA
573;USA
574;USA
575;USA
577;
579;CAN
580;USA
581;CAN
585;USA
586;USA
587;CAN
588;
600;CAN
601;USA
602;USA
603;USA
604;CAN
605;USA
606;USA
607;USA
608;USA
609;USA
610;USA
612;USA
613;CAN
614;USA
615;USA
616;USA
617;USA
618;USA
619;USA
620;USA
622;CAN
623;USA
626;USA
628;USA
629;USA
630;USA
631;USA
636;USA
639;CAN
641;USA
646;USA
647;CAN
649;TCA
650;USA
651;USA
657;USA
659;USA
660;USA
661;USA
662;USA
664;MSR
667;USA
669;USA
670;USA
671;USA
678;USA
679;USA
680;USA
681;USA
682;USA
684;USA
689;USA
700;
701;USA
702;USA
703;USA
704;USA
705;CAN
706;USA
707;USA
708;USA
709;CAN
710;USA
712;USA
713;USA
714;USA
715;USA
716;USA
717;USA
718;USA
719;USA
720;USA
721;
724;USA
725;USA
726;USA
727;USA
730;USA
731;USA
732;USA
734;USA
737;USA
740;USA
743;USA
747;USA
754;USA
757;USA
758;LCA
760;USA
762;USA
763;USA
765;USA
767;DMA
769;USA
770;USA
772;USA
773;USA
774;USA
775;USA
778;CAN
779;USA
780;CAN
781;USA
782;CAN
784;VCT
785;USA
786;USA
787;USA
800;
801;USA
802;USA
803;USA
804;USA
805;USA
806;USA
807;CAN
808;USA
809;DMO
810;USA
812;USA
813;USA
814;USA
815;USA
816;USA
817;USA
818;USA
819;CAN
820;USA
822;
825;CAN
828;USA
829;DMO
830;USA
831;USA
832;USA
833;
838;USA
843;USA
844;
845;USA
847;USA
848;USA
849;DMO
850;USA
854;USA
855;
856;USA
857;USA
858;USA
859;USA
860;USA
862;USA
863;USA
864;USA
865;USA
866;
867;CAN
868;TTO
869;KNA
870;USA
872;USA
873;CAN
876;JAM
877;
878;USA
888;
900;
901;USA
902;CAN
903;USA
904;USA
905;CAN
906;USA
907;USA
908;USA
909;USA
910;USA
912;USA
913;USA
914;USA
915;USA
916;USA
917;USA
918;USA
919;USA
920;USA
925;USA
928;USA
929;USA
930;USA
931;USA
934;USA
936;USA
937;USA
938;USA
939;USA
940;USA
941;USA
947;USA
949;USA
951;USA
952;USA
954;USA
956;USA
959;USA
970;USA
971;USA
972;USA
973;USA
975;USA
978;USA
979;USA
980;USA
984;USA
985;USA
986;USA
989;USA
